<?xml version="1.0" encoding="utf-8"?><gpx creator="Garmin Desktop App" version="1.1" xsi:schemaLocation="http://www.topografix.com/GPX/1/1 http://www.topografix.com/GPX/1/1/gpx.xsd http://www.garmin.com/xmlschemas/WaypointExtension/v1 http://www8.garmin.com/xmlschemas/WaypointExtensionv1.xsd http://www.garmin.com/xmlschemas/TrackPointExtension/v1 http://www.garmin.com/xmlschemas/TrackPointExtensionv1.xsd http://www.garmin.com/xmlschemas/GpxExtensions/v3 http://www8.garmin.com/xmlschemas/GpxExtensionsv3.xsd http://www.garmin.com/xmlschemas/ActivityExtension/v1 http://www8.garmin.com/xmlschemas/ActivityExtensionv1.xsd http://www.garmin.com/xmlschemas/AdventuresExtensions/v1 http://www8.garmin.com/xmlschemas/AdventuresExtensionv1.xsd http://www.garmin.com/xmlschemas/PressureExtension/v1 http://www.garmin.com/xmlschemas/PressureExtensionv1.xsd http://www.garmin.com/xmlschemas/TripExtensions/v1 http://www.garmin.com/xmlschemas/TripExtensionsv1.xsd http://www.garmin.com/xmlschemas/TripMetaDataExtensions/v1 http://www.garmin.com/xmlschemas/TripMetaDataExtensionsv1.xsd http://www.garmin.com/xmlschemas/ViaPointTransportationModeExtensions/v1 http://www.garmin.com/xmlschemas/ViaPointTransportationModeExtensionsv1.xsd http://www.garmin.com/xmlschemas/CreationTimeExtension/v1 http://www.garmin.com/xmlschemas/CreationTimeExtensionsv1.xsd http://www.garmin.com/xmlschemas/AccelerationExtension/v1 http://www.garmin.com/xmlschemas/AccelerationExtensionv1.xsd http://www.garmin.com/xmlschemas/PowerExtension/v1 http://www.garmin.com/xmlschemas/PowerExtensionv1.xsd http://www.garmin.com/xmlschemas/VideoExtension/v1 http://www.garmin.com/xmlschemas/VideoExtensionv1.xsd" xmlns="http://www.topografix.com/GPX/1/1" xmlns:xsi="http://www.w3.org/2001/XMLSchema-instance" xmlns:wptx1="http://www.garmin.com/xmlschemas/WaypointExtension/v1" xmlns:gpxtrx="http://www.garmin.com/xmlschemas/GpxExtensions/v3" xmlns:gpxtpx="http://www.garmin.com/xmlschemas/TrackPointExtension/v1" xmlns:gpxx="http://www.garmin.com/xmlschemas/GpxExtensions/v3" xmlns:trp="http://www.garmin.com/xmlschemas/TripExtensions/v1" xmlns:adv="http://www.garmin.com/xmlschemas/AdventuresExtensions/v1" xmlns:prs="http://www.garmin.com/xmlschemas/PressureExtension/v1" xmlns:tmd="http://www.garmin.com/xmlschemas/TripMetaDataExtensions/v1" xmlns:vptm="http://www.garmin.com/xmlschemas/ViaPointTransportationModeExtensions/v1" xmlns:ctx="http://www.garmin.com/xmlschemas/CreationTimeExtension/v1" xmlns:gpxacc="http://www.garmin.com/xmlschemas/AccelerationExtension/v1" xmlns:gpxpx="http://www.garmin.com/xmlschemas/PowerExtension/v1" xmlns:vidx1="http://www.garmin.com/xmlschemas/VideoExtension/v1">

  <metadata>
    <link href="http://www.garmin.com">
      <text>Garmin International</text>
    </link>
    <time>2022-11-30T11:01:24Z</time>
    <bounds maxlat="41.764838676899672" maxlon="12.739965012297034" minlat="41.744398484006524" minlon="12.707468625158072" />
  </metadata>

  <trk>
    <name>2022-11-09 11.10.30</name>
    <extensions>
      <gpxx:TrackExtension>
        <gpxx:DisplayColor>Cyan</gpxx:DisplayColor>
      </gpxx:TrackExtension>
    </extensions>
    <trkseg>
      <trkpt lat="41.758987437933683" lon="12.710974188521504">
        <ele>667.76999999999998</ele>
        <time>2022-11-09T07:22:50Z</time>
      </trkpt>
      <trkpt lat="41.758995400741696" lon="12.710949964821339">
        <ele>667.76999999999998</ele>
        <time>2022-11-09T07:22:52Z</time>
      </trkpt>
      <trkpt lat="41.759010655805469" lon="12.710956586524844">
        <ele>666.33000000000004</ele>
        <time>2022-11-09T07:23:11Z</time>
      </trkpt>
      <trkpt lat="41.758999340236187" lon="12.711010817438364">
        <ele>666.33000000000004</ele>
        <time>2022-11-09T07:23:57Z</time>
      </trkpt>
      <trkpt lat="41.758998585864902" lon="12.711011068895459">
        <ele>666.33000000000004</ele>
        <time>2022-11-09T07:25:49Z</time>
      </trkpt>
      <trkpt lat="41.758987102657557" lon="12.711019534617662">
        <ele>666.33000000000004</ele>
        <time>2022-11-09T07:26:10Z</time>
      </trkpt>
      <trkpt lat="41.758976960554719" lon="12.711026156321168">
        <ele>666.33000000000004</ele>
        <time>2022-11-09T07:26:11Z</time>
      </trkpt>
      <trkpt lat="41.758965561166406" lon="12.711032442748547">
        <ele>666.33000000000004</ele>
        <time>2022-11-09T07:26:12Z</time>
      </trkpt>
      <trkpt lat="41.758953155949712" lon="12.71103747189045">
        <ele>666.33000000000004</ele>
        <time>2022-11-09T07:26:13Z</time>
      </trkpt>
      <trkpt lat="41.758941086009145" lon="12.711040573194623">
        <ele>666.33000000000004</ele>
        <time>2022-11-09T07:26:14Z</time>
      </trkpt>
      <trkpt lat="41.758928429335356" lon="12.711042920127511">
        <ele>667.28999999999996</ele>
        <time>2022-11-09T07:26:15Z</time>
      </trkpt>
      <trkpt lat="41.758915521204472" lon="12.711043423041701">
        <ele>667.76999999999998</ele>
        <time>2022-11-09T07:26:16Z</time>
      </trkpt>
      <trkpt lat="41.758902277797461" lon="12.711043087765574">
        <ele>668.73000000000002</ele>
        <time>2022-11-09T07:26:17Z</time>
      </trkpt>
      <trkpt lat="41.758660543709993" lon="12.711021210998297">
        <ele>671.62</ele>
        <time>2022-11-09T07:26:36Z</time>
      </trkpt>
      <trkpt lat="41.758434819057584" lon="12.711005201563239">
        <ele>674.98000000000002</ele>
        <time>2022-11-09T07:26:54Z</time>
      </trkpt>
      <trkpt lat="41.75824505276978" lon="12.710945941507816">
        <ele>677.87</ele>
        <time>2022-11-09T07:27:10Z</time>
      </trkpt>
      <trkpt lat="41.758057717233896" lon="12.710790876299143">
        <ele>681.23000000000002</ele>
        <time>2022-11-09T07:27:28Z</time>
      </trkpt>
      <trkpt lat="41.758028380572796" lon="12.710764724761248">
        <ele>682.19000000000005</ele>
        <time>2022-11-09T07:27:39Z</time>
      </trkpt>
      <trkpt lat="41.75800658762455" lon="12.710744021460414">
        <ele>682.19000000000005</ele>
        <time>2022-11-09T07:27:41Z</time>
      </trkpt>
      <trkpt lat="41.757995020598173" lon="12.710735807195306">
        <ele>682.19000000000005</ele>
        <time>2022-11-09T07:27:42Z</time>
      </trkpt>
      <trkpt lat="41.757983285933733" lon="12.71072868257761">
        <ele>682.19000000000005</ele>
        <time>2022-11-09T07:27:43Z</time>
      </trkpt>
      <trkpt lat="41.757971467450261" lon="12.710722144693136">
        <ele>682.19000000000005</ele>
        <time>2022-11-09T07:27:44Z</time>
      </trkpt>
      <trkpt lat="41.757959984242916" lon="12.710715858265758">
        <ele>682.19000000000005</ele>
        <time>2022-11-09T07:27:45Z</time>
      </trkpt>
      <trkpt lat="41.757895108312368" lon="12.710677552968264">
        <ele>683.63</ele>
        <time>2022-11-09T07:27:51Z</time>
      </trkpt>
      <trkpt lat="41.757776336744428" lon="12.710620472207665">
        <ele>686.03999999999996</ele>
        <time>2022-11-09T07:28:04Z</time>
      </trkpt>
      <trkpt lat="41.75761129707098" lon="12.710562888532877">
        <ele>688.91999999999996</ele>
        <time>2022-11-09T07:28:20Z</time>
      </trkpt>
      <trkpt lat="41.757600987330079" lon="12.710561631247401">
        <ele>688.91999999999996</ele>
        <time>2022-11-09T07:28:21Z</time>
      </trkpt>
      <trkpt lat="41.757489340379834" lon="12.710532546043396">
        <ele>690.36000000000001</ele>
        <time>2022-11-09T07:28:32Z</time>
      </trkpt>
      <trkpt lat="41.757478024810553" lon="12.710530450567603">
        <ele>690.84000000000003</ele>
        <time>2022-11-09T07:28:33Z</time>
      </trkpt>
      <trkpt lat="41.757467463612556" lon="12.710526930168271">
        <ele>690.84000000000003</ele>
        <time>2022-11-09T07:28:34Z</time>
      </trkpt>
      <trkpt lat="41.757455980405211" lon="12.710524499416351">
        <ele>690.84000000000003</ele>
        <time>2022-11-09T07:28:35Z</time>
      </trkpt>
      <trkpt lat="41.75727317109704" lon="12.710511339828372">
        <ele>693.25</ele>
        <time>2022-11-09T07:28:54Z</time>
      </trkpt>
      <trkpt lat="41.757154650986195" lon="12.710451660677791">
        <ele>696.13</ele>
        <time>2022-11-09T07:29:06Z</time>
      </trkpt>
      <trkpt lat="41.757075022906065" lon="12.71041888743639">
        <ele>699.01999999999998</ele>
        <time>2022-11-09T07:29:16Z</time>
      </trkpt>
      <trkpt lat="41.757068736478686" lon="12.710407068952918">
        <ele>699.01999999999998</ele>
        <time>2022-11-09T07:29:17Z</time>
      </trkpt>
      <trkpt lat="41.757013248279691" lon="12.710274886339903">
        <ele>701.89999999999998</ele>
        <time>2022-11-09T07:29:31Z</time>
      </trkpt>
      <trkpt lat="41.757065383717418" lon="12.710122168064117">
        <ele>705.25999999999999</ele>
        <time>2022-11-09T07:29:46Z</time>
      </trkpt>
      <trkpt lat="41.757073514163494" lon="12.710058046504855">
        <ele>705.75</ele>
        <time>2022-11-09T07:29:51Z</time>
      </trkpt>
      <trkpt lat="41.756995897740126" lon="12.709935922175646">
        <ele>707.66999999999996</ele>
        <time>2022-11-09T07:30:05Z</time>
      </trkpt>
      <trkpt lat="41.756883077323437" lon="12.709951093420386">
        <ele>709.11000000000001</ele>
        <time>2022-11-09T07:30:19Z</time>
      </trkpt>
      <trkpt lat="41.756759863346815" lon="12.709950674325228">
        <ele>711.02999999999997</ele>
        <time>2022-11-09T07:30:37Z</time>
      </trkpt>
      <trkpt lat="41.756622064858675" lon="12.709947740659118">
        <ele>714.39999999999998</ele>
        <time>2022-11-09T07:30:57Z</time>
      </trkpt>
      <trkpt lat="41.756491726264358" lon="12.70993516780436">
        <ele>717.27999999999997</ele>
        <time>2022-11-09T07:31:22Z</time>
      </trkpt>
      <trkpt lat="41.756358202546835" lon="12.709985291585326">
        <ele>720.15999999999997</ele>
        <time>2022-11-09T07:31:40Z</time>
      </trkpt>
      <trkpt lat="41.756209591403604" lon="12.710012113675475">
        <ele>723.52999999999997</ele>
        <time>2022-11-09T07:32:02Z</time>
      </trkpt>
      <trkpt lat="41.756012784317136" lon="12.709976825863123">
        <ele>726.40999999999997</ele>
        <time>2022-11-09T07:32:28Z</time>
      </trkpt>
      <trkpt lat="41.755855539813638" lon="12.710031475871801">
        <ele>729.77999999999997</ele>
        <time>2022-11-09T07:32:55Z</time>
      </trkpt>
      <trkpt lat="41.755676586180925" lon="12.710082856938243">
        <ele>732.65999999999997</ele>
        <time>2022-11-09T07:33:18Z</time>
      </trkpt>
      <trkpt lat="41.755516743287444" lon="12.710096854716539">
        <ele>736.02999999999997</ele>
        <time>2022-11-09T07:33:41Z</time>
      </trkpt>
      <trkpt lat="41.755288252606988" lon="12.710092663764954">
        <ele>738.90999999999997</ele>
        <time>2022-11-09T07:34:08Z</time>
      </trkpt>
      <trkpt lat="41.755085662007332" lon="12.710139937698841">
        <ele>741.78999999999996</ele>
        <time>2022-11-09T07:34:35Z</time>
      </trkpt>
      <trkpt lat="41.754875527694821" lon="12.710169441998005">
        <ele>745.15999999999997</ele>
        <time>2022-11-09T07:35:01Z</time>
      </trkpt>
      <trkpt lat="41.754687186330557" lon="12.710183439776301">
        <ele>748.03999999999996</ele>
        <time>2022-11-09T07:35:24Z</time>
      </trkpt>
      <trkpt lat="41.754528265446424" lon="12.710198275744915">
        <ele>750.92999999999995</ele>
        <time>2022-11-09T07:35:46Z</time>
      </trkpt>
      <trkpt lat="41.754360375925899" lon="12.710132310166955">
        <ele>753.80999999999995</ele>
        <time>2022-11-09T07:36:11Z</time>
      </trkpt>
      <trkpt lat="41.754278317093849" lon="12.710060812532902">
        <ele>757.17999999999995</ele>
        <time>2022-11-09T07:36:33Z</time>
      </trkpt>
      <trkpt lat="41.754088131710887" lon="12.709955368191004">
        <ele>760.05999999999995</ele>
        <time>2022-11-09T07:36:57Z</time>
      </trkpt>
      <trkpt lat="41.753948070108891" lon="12.709822850301862">
        <ele>763.41999999999996</ele>
        <time>2022-11-09T07:37:20Z</time>
      </trkpt>
      <trkpt lat="41.753844050690532" lon="12.709675412625074">
        <ele>766.30999999999995</ele>
        <time>2022-11-09T07:37:37Z</time>
      </trkpt>
      <trkpt lat="41.753669371828437" lon="12.709565693512559">
        <ele>769.19000000000005</ele>
        <time>2022-11-09T07:37:59Z</time>
      </trkpt>
      <trkpt lat="41.753480359911919" lon="12.709424458444118">
        <ele>772.55999999999995</ele>
        <time>2022-11-09T07:38:23Z</time>
      </trkpt>
      <trkpt lat="41.753339292481542" lon="12.709302417933941">
        <ele>775.44000000000005</ele>
        <time>2022-11-09T07:38:42Z</time>
      </trkpt>
      <trkpt lat="41.753237955272198" lon="12.709204098209739">
        <ele>778.80999999999995</ele>
        <time>2022-11-09T07:38:59Z</time>
      </trkpt>
      <trkpt lat="41.753066964447498" lon="12.709008632227778">
        <ele>781.69000000000005</ele>
        <time>2022-11-09T07:39:24Z</time>
      </trkpt>
      <trkpt lat="41.753034861758351" lon="12.709036041051149">
        <ele>782.64999999999998</ele>
        <time>2022-11-09T07:39:54Z</time>
      </trkpt>
      <trkpt lat="41.753033185377717" lon="12.709030760452151">
        <ele>783.13</ele>
        <time>2022-11-09T07:40:34Z</time>
      </trkpt>
      <trkpt lat="41.753034694120288" lon="12.7090316824615">
        <ele>783.13</ele>
        <time>2022-11-09T07:41:17Z</time>
      </trkpt>
      <trkpt lat="41.753020863980055" lon="12.70900821313262">
        <ele>783.13</ele>
        <time>2022-11-09T07:41:38Z</time>
      </trkpt>
      <trkpt lat="41.752885244786739" lon="12.708770334720612">
        <ele>783.61000000000001</ele>
        <time>2022-11-09T07:42:01Z</time>
      </trkpt>
      <trkpt lat="41.752857752144337" lon="12.708727838471532">
        <ele>783.61000000000001</ele>
        <time>2022-11-09T07:42:05Z</time>
      </trkpt>
      <trkpt lat="41.752776531502604" lon="12.708611749112606">
        <ele>784.57000000000005</ele>
        <time>2022-11-09T07:42:17Z</time>
      </trkpt>
      <trkpt lat="41.752676283940673" lon="12.708510244265199">
        <ele>785.52999999999997</ele>
        <time>2022-11-09T07:42:30Z</time>
      </trkpt>
      <trkpt lat="41.752577628940344" lon="12.708408487960696">
        <ele>786.5</ele>
        <time>2022-11-09T07:42:42Z</time>
      </trkpt>
      <trkpt lat="41.752545023337007" lon="12.708361884579062">
        <ele>786.98000000000002</ele>
        <time>2022-11-09T07:42:47Z</time>
      </trkpt>
      <trkpt lat="41.752338325604796" lon="12.708187121897936">
        <ele>789.86000000000001</ele>
        <time>2022-11-09T07:43:13Z</time>
      </trkpt>
      <trkpt lat="41.752199856564403" lon="12.708061141893268">
        <ele>792.74000000000001</ele>
        <time>2022-11-09T07:43:32Z</time>
      </trkpt>
      <trkpt lat="41.752047725021839" lon="12.707963660359383">
        <ele>795.63</ele>
        <time>2022-11-09T07:43:52Z</time>
      </trkpt>
      <trkpt lat="41.751895174384117" lon="12.707850253209472">
        <ele>798.99000000000001</ele>
        <time>2022-11-09T07:44:14Z</time>
      </trkpt>
      <trkpt lat="41.75171890296042" lon="12.707710778340697">
        <ele>801.88</ele>
        <time>2022-11-09T07:44:38Z</time>
      </trkpt>
      <trkpt lat="41.751546403393149" lon="12.70754280500114">
        <ele>803.79999999999995</ele>
        <time>2022-11-09T07:45:05Z</time>
      </trkpt>
      <trkpt lat="41.751303831115365" lon="12.707468625158072">
        <ele>805.24000000000001</ele>
        <time>2022-11-09T07:45:33Z</time>
      </trkpt>
      <trkpt lat="41.751072071492672" lon="12.707491591572762">
        <ele>807.15999999999997</ele>
        <time>2022-11-09T07:46:01Z</time>
      </trkpt>
      <trkpt lat="41.750809634104371" lon="12.70750617608428">
        <ele>809.09000000000003</ele>
        <time>2022-11-09T07:46:26Z</time>
      </trkpt>
      <trkpt lat="41.75061609596014" lon="12.707553617656231">
        <ele>811.49000000000001</ele>
        <time>2022-11-09T07:46:49Z</time>
      </trkpt>
      <trkpt lat="41.750424653291702" lon="12.707651350647211">
        <ele>814.37</ele>
        <time>2022-11-09T07:47:11Z</time>
      </trkpt>
      <trkpt lat="41.750339325517416" lon="12.707765512168407">
        <ele>817.74000000000001</ele>
        <time>2022-11-09T07:47:28Z</time>
      </trkpt>
      <trkpt lat="41.750143859535456" lon="12.707866178825498">
        <ele>819.65999999999997</ele>
        <time>2022-11-09T07:47:49Z</time>
      </trkpt>
      <trkpt lat="41.749989548698068" lon="12.707980591803789">
        <ele>820.13999999999999</ele>
        <time>2022-11-09T07:48:05Z</time>
      </trkpt>
      <trkpt lat="41.74989391118288" lon="12.708173375576735">
        <ele>822.05999999999995</ele>
        <time>2022-11-09T07:48:24Z</time>
      </trkpt>
      <trkpt lat="41.749902125447989" lon="12.708230540156364">
        <ele>822.54999999999995</ele>
        <time>2022-11-09T07:49:53Z</time>
      </trkpt>
      <trkpt lat="41.749855019152164" lon="12.708266833797097">
        <ele>823.99000000000001</ele>
        <time>2022-11-09T07:50:09Z</time>
      </trkpt>
      <trkpt lat="41.74981277436018" lon="12.708418043330312">
        <ele>822.05999999999995</ele>
        <time>2022-11-09T07:50:21Z</time>
      </trkpt>
      <trkpt lat="41.749813444912434" lon="12.708437824621797">
        <ele>821.58000000000004</ele>
        <time>2022-11-09T07:50:22Z</time>
      </trkpt>
      <trkpt lat="41.74972727894783" lon="12.708699759095907">
        <ele>819.65999999999997</ele>
        <time>2022-11-09T07:50:39Z</time>
      </trkpt>
      <trkpt lat="41.749794669449329" lon="12.708924477919936">
        <ele>818.22000000000003</ele>
        <time>2022-11-09T07:50:55Z</time>
      </trkpt>
      <trkpt lat="41.749810427427292" lon="12.709060600027442">
        <ele>816.77999999999997</ele>
        <time>2022-11-09T07:51:04Z</time>
      </trkpt>
      <trkpt lat="41.749806236475706" lon="12.709078285843134">
        <ele>816.77999999999997</ele>
        <time>2022-11-09T07:51:05Z</time>
      </trkpt>
      <trkpt lat="41.749785197898746" lon="12.709119189530611">
        <ele>816.77999999999997</ele>
        <time>2022-11-09T07:51:08Z</time>
      </trkpt>
      <trkpt lat="41.749707078561187" lon="12.709291102364659">
        <ele>815.82000000000005</ele>
        <time>2022-11-09T07:51:20Z</time>
      </trkpt>
      <trkpt lat="41.749628037214279" lon="12.709392858669162">
        <ele>814.85000000000002</ele>
        <time>2022-11-09T07:51:28Z</time>
      </trkpt>
      <trkpt lat="41.74961781129241" lon="12.709409622475505">
        <ele>814.85000000000002</ele>
        <time>2022-11-09T07:51:29Z</time>
      </trkpt>
      <trkpt lat="41.749474816024303" lon="12.709570806473494">
        <ele>813.40999999999997</ele>
        <time>2022-11-09T07:51:43Z</time>
      </trkpt>
      <trkpt lat="41.749397115781903" lon="12.709648255258799">
        <ele>812.92999999999995</ele>
        <time>2022-11-09T07:51:50Z</time>
      </trkpt>
      <trkpt lat="41.749387141317129" lon="12.709665186703205">
        <ele>812.92999999999995</ele>
        <time>2022-11-09T07:51:51Z</time>
      </trkpt>
      <trkpt lat="41.749376244843006" lon="12.709677927196026">
        <ele>812.92999999999995</ele>
        <time>2022-11-09T07:51:52Z</time>
      </trkpt>
      <trkpt lat="41.749364426359534" lon="12.709687734022737">
        <ele>812.92999999999995</ele>
        <time>2022-11-09T07:51:53Z</time>
      </trkpt>
      <trkpt lat="41.749359481036663" lon="12.709702989086509">
        <ele>812.45000000000005</ele>
        <time>2022-11-09T07:51:54Z</time>
      </trkpt>
      <trkpt lat="41.749349171295762" lon="12.709714472293854">
        <ele>812.45000000000005</ele>
        <time>2022-11-09T07:51:55Z</time>
      </trkpt>
      <trkpt lat="41.749338191002607" lon="12.709726793691516">
        <ele>812.45000000000005</ele>
        <time>2022-11-09T07:51:56Z</time>
      </trkpt>
      <trkpt lat="41.749325031414628" lon="12.709739869460464">
        <ele>812.45000000000005</ele>
        <time>2022-11-09T07:51:57Z</time>
      </trkpt>
      <trkpt lat="41.749311285093427" lon="12.709746742621064">
        <ele>812.45000000000005</ele>
        <time>2022-11-09T07:51:58Z</time>
      </trkpt>
      <trkpt lat="41.749297790229321" lon="12.709752777591348">
        <ele>811.97000000000003</ele>
        <time>2022-11-09T07:51:59Z</time>
      </trkpt>
      <trkpt lat="41.749228555709124" lon="12.709835339337587">
        <ele>811.97000000000003</ele>
        <time>2022-11-09T07:52:06Z</time>
      </trkpt>
      <trkpt lat="41.749219000339508" lon="12.709847241640091">
        <ele>811.97000000000003</ele>
        <time>2022-11-09T07:52:07Z</time>
      </trkpt>
      <trkpt lat="41.749201230704784" lon="12.709908597171307">
        <ele>811.49000000000001</ele>
        <time>2022-11-09T07:52:12Z</time>
      </trkpt>
      <trkpt lat="41.749200476333499" lon="12.709932066500187">
        <ele>811.49000000000001</ele>
        <time>2022-11-09T07:52:13Z</time>
      </trkpt>
      <trkpt lat="41.749144736677408" lon="12.710201293230057">
        <ele>810.04999999999995</ele>
        <time>2022-11-09T07:52:28Z</time>
      </trkpt>
      <trkpt lat="41.749132163822651" lon="12.710221325978637">
        <ele>809.57000000000005</ele>
        <time>2022-11-09T07:52:30Z</time>
      </trkpt>
      <trkpt lat="41.749126799404621" lon="12.710232557728887">
        <ele>809.57000000000005</ele>
        <time>2022-11-09T07:52:31Z</time>
      </trkpt>
      <trkpt lat="41.749109532684088" lon="12.710306569933891">
        <ele>809.09000000000003</ele>
        <time>2022-11-09T07:52:36Z</time>
      </trkpt>
      <trkpt lat="41.749106347560883" lon="12.710324758663774">
        <ele>809.09000000000003</ele>
        <time>2022-11-09T07:52:37Z</time>
      </trkpt>
      <trkpt lat="41.749104838818312" lon="12.710343785583973">
        <ele>809.09000000000003</ele>
        <time>2022-11-09T07:52:38Z</time>
      </trkpt>
      <trkpt lat="41.74909989349544" lon="12.710357196629047">
        <ele>809.09000000000003</ele>
        <time>2022-11-09T07:52:39Z</time>
      </trkpt>
      <trkpt lat="41.749096121639013" lon="12.710371110588312">
        <ele>808.61000000000001</ele>
        <time>2022-11-09T07:52:40Z</time>
      </trkpt>
      <trkpt lat="41.74909251742065" lon="12.71038519218564">
        <ele>808.61000000000001</ele>
        <time>2022-11-09T07:52:41Z</time>
      </trkpt>
      <trkpt lat="41.74908765591681" lon="12.71040178835392">
        <ele>808.61000000000001</ele>
        <time>2022-11-09T07:52:42Z</time>
      </trkpt>
      <trkpt lat="41.74908522516489" lon="12.710419222712517">
        <ele>808.61000000000001</ele>
        <time>2022-11-09T07:52:43Z</time>
      </trkpt>
      <trkpt lat="41.749083464965224" lon="12.71043598651886">
        <ele>808.61000000000001</ele>
        <time>2022-11-09T07:52:44Z</time>
      </trkpt>
      <trkpt lat="41.749079944565892" lon="12.710451073944569">
        <ele>808.61000000000001</ele>
        <time>2022-11-09T07:52:45Z</time>
      </trkpt>
      <trkpt lat="41.74907835200429" lon="12.710465742275119">
        <ele>808.61000000000001</ele>
        <time>2022-11-09T07:52:46Z</time>
      </trkpt>
      <trkpt lat="41.749076843261719" lon="12.710480913519859">
        <ele>808.13</ele>
        <time>2022-11-09T07:52:47Z</time>
      </trkpt>
      <trkpt lat="41.749073658138514" lon="12.71049709059298">
        <ele>808.13</ele>
        <time>2022-11-09T07:52:48Z</time>
      </trkpt>
      <trkpt lat="41.749070808291435" lon="12.710512429475784">
        <ele>808.13</ele>
        <time>2022-11-09T07:52:49Z</time>
      </trkpt>
      <trkpt lat="41.749067958444357" lon="12.710528103634715">
        <ele>808.13</ele>
        <time>2022-11-09T07:52:50Z</time>
      </trkpt>
      <trkpt lat="41.749064773321152" lon="12.710545035079122">
        <ele>808.13</ele>
        <time>2022-11-09T07:52:51Z</time>
      </trkpt>
      <trkpt lat="41.749064438045025" lon="12.710560373961926">
        <ele>807.63999999999999</ele>
        <time>2022-11-09T07:52:52Z</time>
      </trkpt>
      <trkpt lat="41.749014230445027" lon="12.710827924311161">
        <ele>806.20000000000005</ele>
        <time>2022-11-09T07:53:08Z</time>
      </trkpt>
      <trkpt lat="41.748984139412642" lon="12.711085835471749">
        <ele>804.75999999999999</ele>
        <time>2022-11-09T07:53:24Z</time>
      </trkpt>
      <trkpt lat="41.749032167717814" lon="12.711321618407965">
        <ele>803.79999999999995</ele>
        <time>2022-11-09T07:53:39Z</time>
      </trkpt>
      <trkpt lat="41.749137863516808" lon="12.711605010554194">
        <ele>801.39999999999998</ele>
        <time>2022-11-09T07:53:59Z</time>
      </trkpt>
      <trkpt lat="41.749206930398941" lon="12.711749095469713">
        <ele>800.44000000000005</ele>
        <time>2022-11-09T07:54:10Z</time>
      </trkpt>
      <trkpt lat="41.749213971197605" lon="12.711811205372214">
        <ele>799.95000000000005</ele>
        <time>2022-11-09T07:54:14Z</time>
      </trkpt>
      <trkpt lat="41.74921908415854" lon="12.711826544255018">
        <ele>799.95000000000005</ele>
        <time>2022-11-09T07:54:15Z</time>
      </trkpt>
      <trkpt lat="41.749299466609955" lon="12.712045731022954">
        <ele>798.50999999999999</ele>
        <time>2022-11-09T07:54:30Z</time>
      </trkpt>
      <trkpt lat="41.749363755807281" lon="12.712190486490726">
        <ele>797.54999999999995</ele>
        <time>2022-11-09T07:54:41Z</time>
      </trkpt>
      <trkpt lat="41.74940088763833" lon="12.712416462600231">
        <ele>796.59000000000003</ele>
        <time>2022-11-09T07:54:56Z</time>
      </trkpt>
      <trkpt lat="41.749504990875721" lon="12.712657526135445">
        <ele>795.14999999999998</ele>
        <time>2022-11-09T07:55:13Z</time>
      </trkpt>
      <trkpt lat="41.749574141576886" lon="12.712849220260978">
        <ele>793.71000000000004</ele>
        <time>2022-11-09T07:55:27Z</time>
      </trkpt>
      <trkpt lat="41.749519407749176" lon="12.713145185261965">
        <ele>791.77999999999997</ele>
        <time>2022-11-09T07:55:44Z</time>
      </trkpt>
      <trkpt lat="41.749518653377891" lon="12.713177958503366">
        <ele>791.77999999999997</ele>
        <time>2022-11-09T07:55:46Z</time>
      </trkpt>
      <trkpt lat="41.749521838501096" lon="12.713203942403197">
        <ele>791.77999999999997</ele>
        <time>2022-11-09T07:55:48Z</time>
      </trkpt>
      <trkpt lat="41.749523347243667" lon="12.713247612118721">
        <ele>791.29999999999995</ele>
        <time>2022-11-09T07:55:51Z</time>
      </trkpt>
      <trkpt lat="41.749518401920795" lon="12.713265381753445">
        <ele>791.29999999999995</ele>
        <time>2022-11-09T07:55:52Z</time>
      </trkpt>
      <trkpt lat="41.749511444941163" lon="12.71328566595912">
        <ele>791.29999999999995</ele>
        <time>2022-11-09T07:55:53Z</time>
      </trkpt>
      <trkpt lat="41.749510522931814" lon="12.713302345946431">
        <ele>790.82000000000005</ele>
        <time>2022-11-09T07:55:54Z</time>
      </trkpt>
      <trkpt lat="41.749510103836656" lon="12.71331693045795">
        <ele>790.82000000000005</ele>
        <time>2022-11-09T07:55:55Z</time>
      </trkpt>
      <trkpt lat="41.749505745247006" lon="12.713335203006864">
        <ele>790.82000000000005</ele>
        <time>2022-11-09T07:55:56Z</time>
      </trkpt>
      <trkpt lat="41.74950054846704" lon="12.713354984298348">
        <ele>790.82000000000005</ele>
        <time>2022-11-09T07:55:57Z</time>
      </trkpt>
      <trkpt lat="41.749496357515454" lon="12.713375184684992">
        <ele>790.82000000000005</ele>
        <time>2022-11-09T07:55:58Z</time>
      </trkpt>
      <trkpt lat="41.749402480199933" lon="12.71367609500885">
        <ele>789.38</ele>
        <time>2022-11-09T07:56:16Z</time>
      </trkpt>
      <trkpt lat="41.749363001435995" lon="12.713767290115356">
        <ele>788.89999999999998</ele>
        <time>2022-11-09T07:56:24Z</time>
      </trkpt>
      <trkpt lat="41.749353613704443" lon="12.713774079456925">
        <ele>788.89999999999998</ele>
        <time>2022-11-09T07:56:25Z</time>
      </trkpt>
      <trkpt lat="41.749343723058701" lon="12.713780784979463">
        <ele>788.89999999999998</ele>
        <time>2022-11-09T07:56:26Z</time>
      </trkpt>
      <trkpt lat="41.749334838241339" lon="12.71378992125392">
        <ele>788.89999999999998</ele>
        <time>2022-11-09T07:56:27Z</time>
      </trkpt>
      <trkpt lat="41.749201230704784" lon="12.713972395285964">
        <ele>787.46000000000004</ele>
        <time>2022-11-09T07:56:44Z</time>
      </trkpt>
      <trkpt lat="41.749047674238682" lon="12.714159479364753">
        <ele>786.5</ele>
        <time>2022-11-09T07:57:02Z</time>
      </trkpt>
      <trkpt lat="41.748966788873076" lon="12.714317562058568">
        <ele>786.01999999999998</ele>
        <time>2022-11-09T07:57:13Z</time>
      </trkpt>
      <trkpt lat="41.7489293217659" lon="12.714554769918323">
        <ele>785.52999999999997</ele>
        <time>2022-11-09T07:57:30Z</time>
      </trkpt>
      <trkpt lat="41.748905265703797" lon="12.714679827913642">
        <ele>785.04999999999995</ele>
        <time>2022-11-09T07:57:39Z</time>
      </trkpt>
      <trkpt lat="41.748896632343531" lon="12.714693155139685">
        <ele>785.04999999999995</ele>
        <time>2022-11-09T07:57:40Z</time>
      </trkpt>
      <trkpt lat="41.748874001204967" lon="12.714723749086261">
        <ele>785.04999999999995</ele>
        <time>2022-11-09T07:57:43Z</time>
      </trkpt>
      <trkpt lat="41.748865870758891" lon="12.714738668873906">
        <ele>785.04999999999995</ele>
        <time>2022-11-09T07:57:44Z</time>
      </trkpt>
      <trkpt lat="41.748860087245703" lon="12.714754259213805">
        <ele>784.57000000000005</ele>
        <time>2022-11-09T07:57:45Z</time>
      </trkpt>
      <trkpt lat="41.748768975958228" lon="12.714941762387753">
        <ele>784.57000000000005</ele>
        <time>2022-11-09T07:57:59Z</time>
      </trkpt>
      <trkpt lat="41.748653221875429" lon="12.715102946385741">
        <ele>784.09000000000003</ele>
        <time>2022-11-09T07:58:13Z</time>
      </trkpt>
      <trkpt lat="41.748644923791289" lon="12.715116441249847">
        <ele>784.09000000000003</ele>
        <time>2022-11-09T07:58:14Z</time>
      </trkpt>
      <trkpt lat="41.748558171093464" lon="12.715228004381061">
        <ele>784.09000000000003</ele>
        <time>2022-11-09T07:58:30Z</time>
      </trkpt>
      <trkpt lat="41.748395897448063" lon="12.715364210307598">
        <ele>785.04999999999995</ele>
        <time>2022-11-09T07:58:48Z</time>
      </trkpt>
      <trkpt lat="41.748207053169608" lon="12.715533524751663">
        <ele>786.5</ele>
        <time>2022-11-09T07:59:12Z</time>
      </trkpt>
      <trkpt lat="41.747994907200336" lon="12.715686243027449">
        <ele>787.46000000000004</ele>
        <time>2022-11-09T07:59:33Z</time>
      </trkpt>
      <trkpt lat="41.747792568057775" lon="12.71586075425148">
        <ele>788.41999999999996</ele>
        <time>2022-11-09T07:59:55Z</time>
      </trkpt>
      <trkpt lat="41.747598107904196" lon="12.715984722599387">
        <ele>789.38</ele>
        <time>2022-11-09T08:00:20Z</time>
      </trkpt>
      <trkpt lat="41.747364839538932" lon="12.716058567166328">
        <ele>790.82000000000005</ele>
        <time>2022-11-09T08:00:42Z</time>
      </trkpt>
      <trkpt lat="41.747213713824749" lon="12.716270796954632">
        <ele>792.25999999999999</ele>
        <time>2022-11-09T08:01:06Z</time>
      </trkpt>
      <trkpt lat="41.747147580608726" lon="12.716538179665804">
        <ele>794.19000000000005</ele>
        <time>2022-11-09T08:01:27Z</time>
      </trkpt>
      <trkpt lat="41.747005507349968" lon="12.716842694208026">
        <ele>792.74000000000001</ele>
        <time>2022-11-09T08:01:54Z</time>
      </trkpt>
      <trkpt lat="41.746867708861828" lon="12.717168666422367">
        <ele>795.63</ele>
        <time>2022-11-09T08:02:23Z</time>
      </trkpt>
      <trkpt lat="41.746831499040127" lon="12.717354912310839">
        <ele>798.50999999999999</ele>
        <time>2022-11-09T08:02:38Z</time>
      </trkpt>
      <trkpt lat="41.746765030547976" lon="12.717497237026691">
        <ele>801.39999999999998</ele>
        <time>2022-11-09T08:02:56Z</time>
      </trkpt>
      <trkpt lat="41.746680708602071" lon="12.717639645561576">
        <ele>804.75999999999999</ele>
        <time>2022-11-09T08:03:12Z</time>
      </trkpt>
      <trkpt lat="41.746665369719267" lon="12.717826897278428">
        <ele>807.63999999999999</ele>
        <time>2022-11-09T08:03:30Z</time>
      </trkpt>
      <trkpt lat="41.746638966724277" lon="12.718065865337849">
        <ele>810.04999999999995</ele>
        <time>2022-11-09T08:03:55Z</time>
      </trkpt>
      <trkpt lat="41.746585322543979" lon="12.718187738209963">
        <ele>812.92999999999995</ele>
        <time>2022-11-09T08:04:11Z</time>
      </trkpt>
      <trkpt lat="41.746568474918604" lon="12.718198886141181">
        <ele>813.40999999999997</ele>
        <time>2022-11-09T08:04:13Z</time>
      </trkpt>
      <trkpt lat="41.746591441333294" lon="12.718268120661378">
        <ele>816.29999999999995</ele>
        <time>2022-11-09T08:04:28Z</time>
      </trkpt>
      <trkpt lat="41.746518015861511" lon="12.718361830338836">
        <ele>819.65999999999997</ele>
        <time>2022-11-09T08:04:43Z</time>
      </trkpt>
      <trkpt lat="41.746451044455171" lon="12.718490911647677">
        <ele>822.54999999999995</ele>
        <time>2022-11-09T08:05:00Z</time>
      </trkpt>
      <trkpt lat="41.746312994509935" lon="12.718618651852012">
        <ele>825.90999999999997</ele>
        <time>2022-11-09T08:05:20Z</time>
      </trkpt>
      <trkpt lat="41.746250968426466" lon="12.718695346266031">
        <ele>828.78999999999996</ele>
        <time>2022-11-09T08:05:35Z</time>
      </trkpt>
      <trkpt lat="41.746124401688576" lon="12.718886034563184">
        <ele>830.24000000000001</ele>
        <time>2022-11-09T08:06:02Z</time>
      </trkpt>
      <trkpt lat="41.745966905727983" lon="12.71910086274147">
        <ele>829.26999999999998</ele>
        <time>2022-11-09T08:06:27Z</time>
      </trkpt>
      <trkpt lat="41.745856096968055" lon="12.719297837466002">
        <ele>826.87</ele>
        <time>2022-11-09T08:06:46Z</time>
      </trkpt>
      <trkpt lat="41.745709832757711" lon="12.719533368945122">
        <ele>826.38999999999999</ele>
        <time>2022-11-09T08:07:07Z</time>
      </trkpt>
      <trkpt lat="41.745616793632507" lon="12.719643255695701">
        <ele>825.42999999999995</ele>
        <time>2022-11-09T08:07:30Z</time>
      </trkpt>
      <trkpt lat="41.7455964256078" lon="12.719652391970158">
        <ele>825.42999999999995</ele>
        <time>2022-11-09T08:07:50Z</time>
      </trkpt>
      <trkpt lat="41.745556108653545" lon="12.719700755551457">
        <ele>825.42999999999995</ele>
        <time>2022-11-09T08:08:05Z</time>
      </trkpt>
      <trkpt lat="41.74555879086256" lon="12.719737300649285">
        <ele>823.99000000000001</ele>
        <time>2022-11-09T08:08:31Z</time>
      </trkpt>
      <trkpt lat="41.745535405352712" lon="12.719810726121068">
        <ele>824.47000000000003</ele>
        <time>2022-11-09T08:08:49Z</time>
      </trkpt>
      <trkpt lat="41.745521994307637" lon="12.719831680878997">
        <ele>823.99000000000001</ele>
        <time>2022-11-09T08:09:08Z</time>
      </trkpt>
      <trkpt lat="41.745513863861561" lon="12.71983427926898">
        <ele>824.95000000000005</ele>
        <time>2022-11-09T08:09:40Z</time>
      </trkpt>
      <trkpt lat="41.745511768385768" lon="12.719839895144105">
        <ele>824.47000000000003</ele>
        <time>2022-11-09T08:10:34Z</time>
      </trkpt>
      <trkpt lat="41.745532220229506" lon="12.719826819375157">
        <ele>824.47000000000003</ele>
        <time>2022-11-09T08:11:07Z</time>
      </trkpt>
      <trkpt lat="41.745531633496284" lon="12.719826903194189">
        <ele>824.47000000000003</ele>
        <time>2022-11-09T08:11:46Z</time>
      </trkpt>
      <trkpt lat="41.745538087561727" lon="12.719822796061635">
        <ele>824.47000000000003</ele>
        <time>2022-11-09T08:12:18Z</time>
      </trkpt>
      <trkpt lat="41.745534148067236" lon="12.71980301477015">
        <ele>824.47000000000003</ele>
        <time>2022-11-09T08:12:55Z</time>
      </trkpt>
      <trkpt lat="41.745534231886268" lon="12.719817012548447">
        <ele>824.47000000000003</ele>
        <time>2022-11-09T08:14:11Z</time>
      </trkpt>
      <trkpt lat="41.745494836941361" lon="12.719901166856289">
        <ele>824.47000000000003</ele>
        <time>2022-11-09T08:14:19Z</time>
      </trkpt>
      <trkpt lat="41.745476815849543" lon="12.720057992264628">
        <ele>823.02999999999997</ele>
        <time>2022-11-09T08:14:36Z</time>
      </trkpt>
      <trkpt lat="41.745552336797118" lon="12.720164358615875">
        <ele>825.42999999999995</ele>
        <time>2022-11-09T08:15:01Z</time>
      </trkpt>
      <trkpt lat="41.745569687336683" lon="12.720207357779145">
        <ele>826.38999999999999</ele>
        <time>2022-11-09T08:15:32Z</time>
      </trkpt>
      <trkpt lat="41.745587373152375" lon="12.720315316691995">
        <ele>823.02999999999997</ele>
        <time>2022-11-09T08:15:49Z</time>
      </trkpt>
      <trkpt lat="41.74553582444787" lon="12.720427382737398">
        <ele>819.65999999999997</ele>
        <time>2022-11-09T08:16:06Z</time>
      </trkpt>
      <trkpt lat="41.745440773665905" lon="12.720529055222869">
        <ele>817.74000000000001</ele>
        <time>2022-11-09T08:16:24Z</time>
      </trkpt>
      <trkpt lat="41.745299287140369" lon="12.720717815682292">
        <ele>816.77999999999997</ele>
        <time>2022-11-09T08:16:45Z</time>
      </trkpt>
      <trkpt lat="41.745201135054231" lon="12.720810603350401">
        <ele>816.29999999999995</ele>
        <time>2022-11-09T08:17:07Z</time>
      </trkpt>
      <trkpt lat="41.745175570249557" lon="12.720906240865588">
        <ele>817.25999999999999</ele>
        <time>2022-11-09T08:17:37Z</time>
      </trkpt>
      <trkpt lat="41.745161823928356" lon="12.721197595819831">
        <ele>819.17999999999995</ele>
        <time>2022-11-09T08:18:01Z</time>
      </trkpt>
      <trkpt lat="41.745161321014166" lon="12.721315948292613">
        <ele>819.17999999999995</ele>
        <time>2022-11-09T08:18:09Z</time>
      </trkpt>
      <trkpt lat="41.745116980746388" lon="12.721518706530333">
        <ele>822.05999999999995</ele>
        <time>2022-11-09T08:18:27Z</time>
      </trkpt>
      <trkpt lat="41.745024444535375" lon="12.721746107563376">
        <ele>822.05999999999995</ele>
        <time>2022-11-09T08:18:53Z</time>
      </trkpt>
      <trkpt lat="41.744990916922688" lon="12.721961103379726">
        <ele>823.50999999999999</ele>
        <time>2022-11-09T08:19:16Z</time>
      </trkpt>
      <trkpt lat="41.745049171149731" lon="12.722161011770368">
        <ele>820.62</ele>
        <time>2022-11-09T08:19:36Z</time>
      </trkpt>
      <trkpt lat="41.745073478668928" lon="12.722328649833798">
        <ele>817.74000000000001</ele>
        <time>2022-11-09T08:19:51Z</time>
      </trkpt>
      <trkpt lat="41.744969543069601" lon="12.722493605688214">
        <ele>819.17999999999995</ele>
        <time>2022-11-09T08:20:16Z</time>
      </trkpt>
      <trkpt lat="41.74487080425024" lon="12.722798371687531">
        <ele>821.58000000000004</ele>
        <time>2022-11-09T08:20:42Z</time>
      </trkpt>
      <trkpt lat="41.744880694895983" lon="12.722905073314905">
        <ele>820.62</ele>
        <time>2022-11-09T08:21:04Z</time>
      </trkpt>
      <trkpt lat="41.744744321331382" lon="12.723109591752291">
        <ele>820.13999999999999</ele>
        <time>2022-11-09T08:21:34Z</time>
      </trkpt>
      <trkpt lat="41.744630746543407" lon="12.723322240635753">
        <ele>820.13999999999999</ele>
        <time>2022-11-09T08:22:05Z</time>
      </trkpt>
      <trkpt lat="41.744631165638566" lon="12.723401533439755">
        <ele>828.78999999999996</ele>
        <time>2022-11-09T08:22:17Z</time>
      </trkpt>
      <trkpt lat="41.744630495086312" lon="12.723407400771976">
        <ele>828.78999999999996</ele>
        <time>2022-11-09T08:22:18Z</time>
      </trkpt>
      <trkpt lat="41.744563104584813" lon="12.723549976944923">
        <ele>831.67999999999995</ele>
        <time>2022-11-09T08:22:40Z</time>
      </trkpt>
      <trkpt lat="41.744500994682312" lon="12.723680064082146">
        <ele>830.24000000000001</ele>
        <time>2022-11-09T08:22:56Z</time>
      </trkpt>
      <trkpt lat="41.744453050196171" lon="12.723771426826715">
        <ele>829.26999999999998</ele>
        <time>2022-11-09T08:23:04Z</time>
      </trkpt>
      <trkpt lat="41.744438633322716" lon="12.723812665790319">
        <ele>829.26999999999998</ele>
        <time>2022-11-09T08:23:07Z</time>
      </trkpt>
      <trkpt lat="41.744398484006524" lon="12.723947279155254">
        <ele>829.26999999999998</ele>
        <time>2022-11-09T08:23:18Z</time>
      </trkpt>
      <trkpt lat="41.744421953335404" lon="12.724149450659752">
        <ele>831.20000000000005</ele>
        <time>2022-11-09T08:23:42Z</time>
      </trkpt>
      <trkpt lat="41.74445690587163" lon="12.724216170608997">
        <ele>834.55999999999995</ele>
        <time>2022-11-09T08:23:56Z</time>
      </trkpt>
      <trkpt lat="41.744512058794498" lon="12.724427562206984">
        <ele>836</ele>
        <time>2022-11-09T08:24:17Z</time>
      </trkpt>
      <trkpt lat="41.744548017159104" lon="12.724696286022663">
        <ele>838.40999999999997</ele>
        <time>2022-11-09T08:24:42Z</time>
      </trkpt>
      <trkpt lat="41.744563523679972" lon="12.724732412025332">
        <ele>838.88999999999999</ele>
        <time>2022-11-09T08:24:45Z</time>
      </trkpt>
      <trkpt lat="41.744617838412523" lon="12.724911700934172">
        <ele>840.80999999999995</ele>
        <time>2022-11-09T08:25:01Z</time>
      </trkpt>
      <trkpt lat="41.744582382962108" lon="12.72514421492815">
        <ele>840.80999999999995</ele>
        <time>2022-11-09T08:25:19Z</time>
      </trkpt>
      <trkpt lat="41.744576180353761" lon="12.725162236019969">
        <ele>840.80999999999995</ele>
        <time>2022-11-09T08:25:20Z</time>
      </trkpt>
      <trkpt lat="41.744573833420873" lon="12.725178664550185">
        <ele>840.80999999999995</ele>
        <time>2022-11-09T08:25:21Z</time>
      </trkpt>
      <trkpt lat="41.744573330506682" lon="12.725194590166211">
        <ele>840.80999999999995</ele>
        <time>2022-11-09T08:25:22Z</time>
      </trkpt>
      <trkpt lat="41.744566122069955" lon="12.725372621789575">
        <ele>839.37</ele>
        <time>2022-11-09T08:25:37Z</time>
      </trkpt>
      <trkpt lat="41.744568217545748" lon="12.725653164088726">
        <ele>838.88999999999999</ele>
        <time>2022-11-09T08:25:58Z</time>
      </trkpt>
      <trkpt lat="41.744634266942739" lon="12.725837230682373">
        <ele>841.76999999999998</ele>
        <time>2022-11-09T08:26:19Z</time>
      </trkpt>
      <trkpt lat="41.744623621925712" lon="12.725956337526441">
        <ele>843.21000000000004</ele>
        <time>2022-11-09T08:26:43Z</time>
      </trkpt>
      <trkpt lat="41.744640301913023" lon="12.726057674735785">
        <ele>846.10000000000002</ele>
        <time>2022-11-09T08:26:56Z</time>
      </trkpt>
      <trkpt lat="41.744653293862939" lon="12.726214416325092">
        <ele>848.98000000000002</ele>
        <time>2022-11-09T08:27:08Z</time>
      </trkpt>
      <trkpt lat="41.744591351598501" lon="12.726475344970822">
        <ele>848.98000000000002</ele>
        <time>2022-11-09T08:27:29Z</time>
      </trkpt>
      <trkpt lat="41.744591938331723" lon="12.726516248658299">
        <ele>848.98000000000002</ele>
        <time>2022-11-09T08:27:32Z</time>
      </trkpt>
      <trkpt lat="41.74460400827229" lon="12.726669050753117">
        <ele>848.01999999999998</ele>
        <time>2022-11-09T08:27:46Z</time>
      </trkpt>
      <trkpt lat="41.74460057169199" lon="12.726679863408208">
        <ele>848.01999999999998</ele>
        <time>2022-11-09T08:27:47Z</time>
      </trkpt>
      <trkpt lat="41.744631417095661" lon="12.726894607767463">
        <ele>848.98000000000002</ele>
        <time>2022-11-09T08:28:04Z</time>
      </trkpt>
      <trkpt lat="41.744676092639565" lon="12.727039698511362">
        <ele>849.46000000000004</ele>
        <time>2022-11-09T08:28:17Z</time>
      </trkpt>
      <trkpt lat="41.744678942486644" lon="12.727055791765451">
        <ele>849.46000000000004</ele>
        <time>2022-11-09T08:28:18Z</time>
      </trkpt>
      <trkpt lat="41.744748093187809" lon="12.727215131744742">
        <ele>849.46000000000004</ele>
        <time>2022-11-09T08:28:32Z</time>
      </trkpt>
      <trkpt lat="41.744775250554085" lon="12.727254861965775">
        <ele>848.98000000000002</ele>
        <time>2022-11-09T08:28:37Z</time>
      </trkpt>
      <trkpt lat="41.744786230847239" lon="12.727258466184139">
        <ele>848.98000000000002</ele>
        <time>2022-11-09T08:28:38Z</time>
      </trkpt>
      <trkpt lat="41.744806263595819" lon="12.727279756218195">
        <ele>848.98000000000002</ele>
        <time>2022-11-09T08:28:41Z</time>
      </trkpt>
      <trkpt lat="41.744838198646903" lon="12.727311523631215">
        <ele>848.01999999999998</ele>
        <time>2022-11-09T08:28:45Z</time>
      </trkpt>
      <trkpt lat="41.744843814522028" lon="12.727323761209846">
        <ele>848.01999999999998</ele>
        <time>2022-11-09T08:28:46Z</time>
      </trkpt>
      <trkpt lat="41.7448590695858" lon="12.727370532229543">
        <ele>847.53999999999996</ele>
        <time>2022-11-09T08:28:50Z</time>
      </trkpt>
      <trkpt lat="41.744894860312343" lon="12.727525597438216">
        <ele>846.58000000000004</ele>
        <time>2022-11-09T08:29:02Z</time>
      </trkpt>
      <trkpt lat="41.744905170053244" lon="12.727570021525025">
        <ele>846.10000000000002</ele>
        <time>2022-11-09T08:29:05Z</time>
      </trkpt>
      <trkpt lat="41.744965855032206" lon="12.727780658751726">
        <ele>844.17999999999995</ele>
        <time>2022-11-09T08:29:20Z</time>
      </trkpt>
      <trkpt lat="41.744972057640553" lon="12.72779356688261">
        <ele>844.17999999999995</ele>
        <time>2022-11-09T08:29:21Z</time>
      </trkpt>
      <trkpt lat="41.744978595525026" lon="12.727806307375431">
        <ele>844.17999999999995</ele>
        <time>2022-11-09T08:29:22Z</time>
      </trkpt>
      <trkpt lat="41.745026037096977" lon="12.727943435311317">
        <ele>843.21000000000004</ele>
        <time>2022-11-09T08:29:34Z</time>
      </trkpt>
      <trkpt lat="41.745034670457244" lon="12.728026499971747">
        <ele>842.25</ele>
        <time>2022-11-09T08:29:49Z</time>
      </trkpt>
      <trkpt lat="41.744994018226862" lon="12.728173015639186">
        <ele>842.25</ele>
        <time>2022-11-09T08:30:12Z</time>
      </trkpt>
      <trkpt lat="41.745004747062922" lon="12.72843562066555">
        <ele>844.65999999999997</ele>
        <time>2022-11-09T08:30:33Z</time>
      </trkpt>
      <trkpt lat="41.745002483949065" lon="12.7284502889961">
        <ele>844.65999999999997</ele>
        <time>2022-11-09T08:30:34Z</time>
      </trkpt>
      <trkpt lat="41.745019163936377" lon="12.728581968694925">
        <ele>844.65999999999997</ele>
        <time>2022-11-09T08:30:45Z</time>
      </trkpt>
      <trkpt lat="41.745080184191465" lon="12.72887391038239">
        <ele>844.65999999999997</ele>
        <time>2022-11-09T08:31:06Z</time>
      </trkpt>
      <trkpt lat="41.745103150606155" lon="12.729060156270862">
        <ele>846.10000000000002</ele>
        <time>2022-11-09T08:31:21Z</time>
      </trkpt>
      <trkpt lat="41.745160818099976" lon="12.729173479601741">
        <ele>848.01999999999998</ele>
        <time>2022-11-09T08:31:42Z</time>
      </trkpt>
      <trkpt lat="41.745226196944714" lon="12.729312619194388">
        <ele>849.46000000000004</ele>
        <time>2022-11-09T08:32:00Z</time>
      </trkpt>
      <trkpt lat="41.745305908843875" lon="12.729485956951976">
        <ele>852.35000000000002</ele>
        <time>2022-11-09T08:32:19Z</time>
      </trkpt>
      <trkpt lat="41.74542342312634" lon="12.729580169543624">
        <ele>853.78999999999996</ele>
        <time>2022-11-09T08:32:35Z</time>
      </trkpt>
      <trkpt lat="41.745548732578754" lon="12.729783095419407">
        <ele>857.14999999999998</ele>
        <time>2022-11-09T08:32:58Z</time>
      </trkpt>
      <trkpt lat="41.745631964877248" lon="12.729991469532251">
        <ele>857.63</ele>
        <time>2022-11-09T08:33:17Z</time>
      </trkpt>
      <trkpt lat="41.745660630986094" lon="12.730048047378659">
        <ele>856.66999999999996</ele>
        <time>2022-11-09T08:33:22Z</time>
      </trkpt>
      <trkpt lat="41.745664989575744" lon="12.730065062642097">
        <ele>856.19000000000005</ele>
        <time>2022-11-09T08:33:23Z</time>
      </trkpt>
      <trkpt lat="41.745668845251203" lon="12.73008082062006">
        <ele>856.19000000000005</ele>
        <time>2022-11-09T08:33:24Z</time>
      </trkpt>
      <trkpt lat="41.745672114193439" lon="12.730094399303198">
        <ele>855.71000000000004</ele>
        <time>2022-11-09T08:33:25Z</time>
      </trkpt>
      <trkpt lat="41.745760124176741" lon="12.730261953547597">
        <ele>853.78999999999996</ele>
        <time>2022-11-09T08:33:39Z</time>
      </trkpt>
      <trkpt lat="41.745820809155703" lon="12.73048298433423">
        <ele>851.38</ele>
        <time>2022-11-09T08:33:57Z</time>
      </trkpt>
      <trkpt lat="41.745831789448857" lon="12.730508465319872">
        <ele>851.38</ele>
        <time>2022-11-09T08:33:59Z</time>
      </trkpt>
      <trkpt lat="41.745837740600109" lon="12.730522882193327">
        <ele>851.38</ele>
        <time>2022-11-09T08:34:00Z</time>
      </trkpt>
      <trkpt lat="41.745904292911291" lon="12.73068280890584">
        <ele>852.35000000000002</ele>
        <time>2022-11-09T08:34:13Z</time>
      </trkpt>
      <trkpt lat="41.745926588773727" lon="12.730734441429377">
        <ele>852.83000000000004</ele>
        <time>2022-11-09T08:34:18Z</time>
      </trkpt>
      <trkpt lat="41.745932791382074" lon="12.730749109759927">
        <ele>852.83000000000004</ele>
        <time>2022-11-09T08:34:19Z</time>
      </trkpt>
      <trkpt lat="41.74593597650528" lon="12.730763275176287">
        <ele>853.30999999999995</ele>
        <time>2022-11-09T08:34:20Z</time>
      </trkpt>
      <trkpt lat="41.745991799980402" lon="12.730962848290801">
        <ele>853.78999999999996</ele>
        <time>2022-11-09T08:34:38Z</time>
      </trkpt>
      <trkpt lat="41.745983585715294" lon="12.731237607076764">
        <ele>850.89999999999998</ele>
        <time>2022-11-09T08:34:57Z</time>
      </trkpt>
      <trkpt lat="41.745989536866546" lon="12.731252610683441">
        <ele>850.89999999999998</ele>
        <time>2022-11-09T08:34:58Z</time>
      </trkpt>
      <trkpt lat="41.745992889627814" lon="12.731271721422672">
        <ele>850.89999999999998</ele>
        <time>2022-11-09T08:34:59Z</time>
      </trkpt>
      <trkpt lat="41.745998002588749" lon="12.731490070000291">
        <ele>848.5</ele>
        <time>2022-11-09T08:35:13Z</time>
      </trkpt>
      <trkpt lat="41.746010240167379" lon="12.73151689209044">
        <ele>848.01999999999998</ele>
        <time>2022-11-09T08:35:15Z</time>
      </trkpt>
      <trkpt lat="41.746104955673218" lon="12.731693834066391">
        <ele>847.53999999999996</ele>
        <time>2022-11-09T08:35:30Z</time>
      </trkpt>
      <trkpt lat="41.746115684509277" lon="12.73171772249043">
        <ele>847.05999999999995</ele>
        <time>2022-11-09T08:35:32Z</time>
      </trkpt>
      <trkpt lat="41.746118450537324" lon="12.731734570115805">
        <ele>847.05999999999995</ele>
        <time>2022-11-09T08:35:33Z</time>
      </trkpt>
      <trkpt lat="41.746153654530644" lon="12.731857532635331">
        <ele>846.58000000000004</ele>
        <time>2022-11-09T08:35:47Z</time>
      </trkpt>
      <trkpt lat="41.746231270954013" lon="12.732037073001266">
        <ele>846.58000000000004</ele>
        <time>2022-11-09T08:36:07Z</time>
      </trkpt>
      <trkpt lat="41.746363453567028" lon="12.732252068817616">
        <ele>848.01999999999998</ele>
        <time>2022-11-09T08:36:29Z</time>
      </trkpt>
      <trkpt lat="41.746453223749995" lon="12.732644760981202">
        <ele>851.38</ele>
        <time>2022-11-09T08:37:00Z</time>
      </trkpt>
      <trkpt lat="41.74656780436635" lon="12.732909461483359">
        <ele>854.26999999999998</ele>
        <time>2022-11-09T08:37:27Z</time>
      </trkpt>
      <trkpt lat="41.746728317812085" lon="12.733139209449291">
        <ele>856.66999999999996</ele>
        <time>2022-11-09T08:37:54Z</time>
      </trkpt>
      <trkpt lat="41.746948761865497" lon="12.733354037627578">
        <ele>859.08000000000004</ele>
        <time>2022-11-09T08:38:21Z</time>
      </trkpt>
      <trkpt lat="41.747000394389033" lon="12.733429810032248">
        <ele>859.55999999999995</ele>
        <time>2022-11-09T08:38:26Z</time>
      </trkpt>
      <trkpt lat="41.747042220085859" lon="12.733528632670641">
        <ele>860.03999999999996</ele>
        <time>2022-11-09T08:38:34Z</time>
      </trkpt>
      <trkpt lat="41.747040962800384" lon="12.733543887734413">
        <ele>860.03999999999996</ele>
        <time>2022-11-09T08:38:35Z</time>
      </trkpt>
      <trkpt lat="41.747086057439446" lon="12.733855694532394">
        <ele>858.59000000000003</ele>
        <time>2022-11-09T08:38:59Z</time>
      </trkpt>
      <trkpt lat="41.747286887839437" lon="12.734180996194482">
        <ele>857.14999999999998</ele>
        <time>2022-11-09T08:39:29Z</time>
      </trkpt>
      <trkpt lat="41.747432062402368" lon="12.734423317015171">
        <ele>856.19000000000005</ele>
        <time>2022-11-09T08:39:52Z</time>
      </trkpt>
      <trkpt lat="41.747441198676825" lon="12.734436392784119">
        <ele>856.19000000000005</ele>
        <time>2022-11-09T08:39:53Z</time>
      </trkpt>
      <trkpt lat="41.747622080147266" lon="12.734578298404813">
        <ele>854.26999999999998</ele>
        <time>2022-11-09T08:40:16Z</time>
      </trkpt>
      <trkpt lat="41.747753173112869" lon="12.734720874577761">
        <ele>854.75</ele>
        <time>2022-11-09T08:40:34Z</time>
      </trkpt>
      <trkpt lat="41.747904801741242" lon="12.734766472131014">
        <ele>853.78999999999996</ele>
        <time>2022-11-09T08:40:48Z</time>
      </trkpt>
      <trkpt lat="41.747974874451756" lon="12.734933355823159">
        <ele>850.89999999999998</ele>
        <time>2022-11-09T08:41:06Z</time>
      </trkpt>
      <trkpt lat="41.748009407892823" lon="12.735162768512964">
        <ele>848.01999999999998</ele>
        <time>2022-11-09T08:41:27Z</time>
      </trkpt>
      <trkpt lat="41.748076127842069" lon="12.735336441546679">
        <ele>846.58000000000004</ele>
        <time>2022-11-09T08:41:40Z</time>
      </trkpt>
      <trkpt lat="41.748205879703164" lon="12.735566357150674">
        <ele>846.10000000000002</ele>
        <time>2022-11-09T08:42:00Z</time>
      </trkpt>
      <trkpt lat="41.748279053717852" lon="12.735676914453506">
        <ele>846.58000000000004</ele>
        <time>2022-11-09T08:42:14Z</time>
      </trkpt>
      <trkpt lat="41.748371087014675" lon="12.735787723213434">
        <ele>846.58000000000004</ele>
        <time>2022-11-09T08:42:27Z</time>
      </trkpt>
      <trkpt lat="41.748444931581616" lon="12.735891491174698">
        <ele>847.53999999999996</ele>
        <time>2022-11-09T08:42:39Z</time>
      </trkpt>
      <trkpt lat="41.748526822775602" lon="12.736014034599066">
        <ele>848.01999999999998</ele>
        <time>2022-11-09T08:42:53Z</time>
      </trkpt>
      <trkpt lat="41.748639140278101" lon="12.736164322122931">
        <ele>849.46000000000004</ele>
        <time>2022-11-09T08:43:13Z</time>
      </trkpt>
      <trkpt lat="41.748688509687781" lon="12.736169686540961">
        <ele>849.94000000000005</ele>
        <time>2022-11-09T08:43:59Z</time>
      </trkpt>
      <trkpt lat="41.748754559084773" lon="12.736251996830106">
        <ele>849.46000000000004</ele>
        <time>2022-11-09T08:44:58Z</time>
      </trkpt>
      <trkpt lat="41.74894792959094" lon="12.736376216635108">
        <ele>849.46000000000004</ele>
        <time>2022-11-09T08:45:22Z</time>
      </trkpt>
      <trkpt lat="41.749058067798615" lon="12.736431621015072">
        <ele>850.41999999999996</ele>
        <time>2022-11-09T08:45:38Z</time>
      </trkpt>
      <trkpt lat="41.749272560700774" lon="12.736659105867147">
        <ele>848.01999999999998</ele>
        <time>2022-11-09T08:46:03Z</time>
      </trkpt>
      <trkpt lat="41.74936031922698" lon="12.736688274890184">
        <ele>846.58000000000004</ele>
        <time>2022-11-09T08:46:13Z</time>
      </trkpt>
      <trkpt lat="41.749370796605945" lon="12.736701183021069">
        <ele>846.58000000000004</ele>
        <time>2022-11-09T08:46:14Z</time>
      </trkpt>
      <trkpt lat="41.749665839597583" lon="12.73695289157331">
        <ele>845.13999999999999</ele>
        <time>2022-11-09T08:46:37Z</time>
      </trkpt>
      <trkpt lat="41.749799447134137" lon="12.737075183540583">
        <ele>841.76999999999998</ele>
        <time>2022-11-09T08:46:57Z</time>
      </trkpt>
      <trkpt lat="41.749882427975535" lon="12.737124804407358">
        <ele>838.40999999999997</ele>
        <time>2022-11-09T08:47:21Z</time>
      </trkpt>
      <trkpt lat="41.749882763251662" lon="12.737125726416707">
        <ele>838.40999999999997</ele>
        <time>2022-11-09T08:48:09Z</time>
      </trkpt>
      <trkpt lat="41.749897012487054" lon="12.737172245979309">
        <ele>837.92999999999995</ele>
        <time>2022-11-09T08:49:01Z</time>
      </trkpt>
      <trkpt lat="41.750002959743142" lon="12.737289257347584">
        <ele>836</ele>
        <time>2022-11-09T08:49:16Z</time>
      </trkpt>
      <trkpt lat="41.750126257538795" lon="12.737360754981637">
        <ele>832.63999999999999</ele>
        <time>2022-11-09T08:49:32Z</time>
      </trkpt>
      <trkpt lat="41.75021979957819" lon="12.737439628690481">
        <ele>829.75999999999999</ele>
        <time>2022-11-09T08:49:45Z</time>
      </trkpt>
      <trkpt lat="41.750285010784864" lon="12.737475587055087">
        <ele>826.87</ele>
        <time>2022-11-09T08:49:58Z</time>
      </trkpt>
      <trkpt lat="41.750409062951803" lon="12.737545911222696">
        <ele>824.47000000000003</ele>
        <time>2022-11-09T08:50:12Z</time>
      </trkpt>
      <trkpt lat="41.750418283045292" lon="12.737548258155584">
        <ele>823.99000000000001</ele>
        <time>2022-11-09T08:50:13Z</time>
      </trkpt>
      <trkpt lat="41.750481314957142" lon="12.737632244825363">
        <ele>821.10000000000002</ele>
        <time>2022-11-09T08:50:27Z</time>
      </trkpt>
      <trkpt lat="41.750497492030263" lon="12.737744059413671">
        <ele>818.22000000000003</ele>
        <time>2022-11-09T08:50:40Z</time>
      </trkpt>
      <trkpt lat="41.750555578619242" lon="12.737837769091129">
        <ele>814.85000000000002</ele>
        <time>2022-11-09T08:50:52Z</time>
      </trkpt>
      <trkpt lat="41.750618945807219" lon="12.73790281265974">
        <ele>811.49000000000001</ele>
        <time>2022-11-09T08:51:05Z</time>
      </trkpt>
      <trkpt lat="41.750728581100702" lon="12.737965676933527">
        <ele>808.61000000000001</ele>
        <time>2022-11-09T08:51:18Z</time>
      </trkpt>
      <trkpt lat="41.750826146453619" lon="12.738007418811321">
        <ele>805.24000000000001</ele>
        <time>2022-11-09T08:51:31Z</time>
      </trkpt>
      <trkpt lat="41.750917173922062" lon="12.738090567290783">
        <ele>802.36000000000001</ele>
        <time>2022-11-09T08:51:45Z</time>
      </trkpt>
      <trkpt lat="41.75088481977582" lon="12.738290056586266">
        <ele>798.99000000000001</ele>
        <time>2022-11-09T08:52:04Z</time>
      </trkpt>
      <trkpt lat="41.750937877222896" lon="12.738369684666395">
        <ele>797.54999999999995</ele>
        <time>2022-11-09T08:52:14Z</time>
      </trkpt>
      <trkpt lat="41.751068886369467" lon="12.738401116803288">
        <ele>794.19000000000005</ele>
        <time>2022-11-09T08:52:30Z</time>
      </trkpt>
      <trkpt lat="41.751310871914029" lon="12.738464986905456">
        <ele>792.74000000000001</ele>
        <time>2022-11-09T08:52:55Z</time>
      </trkpt>
      <trkpt lat="41.751371724531054" lon="12.738499268889427">
        <ele>792.25999999999999</ele>
        <time>2022-11-09T08:53:00Z</time>
      </trkpt>
      <trkpt lat="41.75138765014708" lon="12.73850379511714">
        <ele>792.25999999999999</ele>
        <time>2022-11-09T08:53:01Z</time>
      </trkpt>
      <trkpt lat="41.751498123630881" lon="12.738527599722147">
        <ele>790.82000000000005</ele>
        <time>2022-11-09T08:53:10Z</time>
      </trkpt>
      <trkpt lat="41.751561658456922" lon="12.738577974960208">
        <ele>789.38</ele>
        <time>2022-11-09T08:53:19Z</time>
      </trkpt>
      <trkpt lat="41.751654027029872" lon="12.738618878647685">
        <ele>787.94000000000005</ele>
        <time>2022-11-09T08:53:27Z</time>
      </trkpt>
      <trkpt lat="41.75175754353404" lon="12.738675372675061">
        <ele>786.5</ele>
        <time>2022-11-09T08:53:37Z</time>
      </trkpt>
      <trkpt lat="41.751769781112671" lon="12.73867579177022">
        <ele>786.01999999999998</ele>
        <time>2022-11-09T08:53:38Z</time>
      </trkpt>
      <trkpt lat="41.751788556575775" lon="12.738679144531488">
        <ele>786.01999999999998</ele>
        <time>2022-11-09T08:53:39Z</time>
      </trkpt>
      <trkpt lat="41.751803141087294" lon="12.738684006035328">
        <ele>786.01999999999998</ele>
        <time>2022-11-09T08:53:40Z</time>
      </trkpt>
      <trkpt lat="41.751814624294639" lon="12.738691382110119">
        <ele>786.01999999999998</ele>
        <time>2022-11-09T08:53:41Z</time>
      </trkpt>
      <trkpt lat="41.751828119158745" lon="12.738696243613958">
        <ele>785.52999999999997</ele>
        <time>2022-11-09T08:53:42Z</time>
      </trkpt>
      <trkpt lat="41.751841865479946" lon="12.738703954964876">
        <ele>785.04999999999995</ele>
        <time>2022-11-09T08:53:43Z</time>
      </trkpt>
      <trkpt lat="41.751854186877608" lon="12.738710325211287">
        <ele>785.04999999999995</ele>
        <time>2022-11-09T08:53:44Z</time>
      </trkpt>
      <trkpt lat="41.751922918483615" lon="12.738700853660703">
        <ele>783.61000000000001</ele>
        <time>2022-11-09T08:53:52Z</time>
      </trkpt>
      <trkpt lat="41.752029368653893" lon="12.738775704056025">
        <ele>781.21000000000004</ele>
        <time>2022-11-09T08:54:04Z</time>
      </trkpt>
      <trkpt lat="41.752038085833192" lon="12.738811830058694">
        <ele>780.25</ele>
        <time>2022-11-09T08:54:26Z</time>
      </trkpt>
      <trkpt lat="41.752040684223175" lon="12.738794814795256">
        <ele>779.28999999999996</ele>
        <time>2022-11-09T08:55:01Z</time>
      </trkpt>
      <trkpt lat="41.752218045294285" lon="12.738847872242332">
        <ele>776.88</ele>
        <time>2022-11-09T08:55:24Z</time>
      </trkpt>
      <trkpt lat="41.752372942864895" lon="12.738889530301094">
        <ele>773.51999999999998</ele>
        <time>2022-11-09T08:55:38Z</time>
      </trkpt>
      <trkpt lat="41.752495151013136" lon="12.738976953551173">
        <ele>770.63</ele>
        <time>2022-11-09T08:55:56Z</time>
      </trkpt>
      <trkpt lat="41.752641247585416" lon="12.739041494205594">
        <ele>767.26999999999998</ele>
        <time>2022-11-09T08:56:14Z</time>
      </trkpt>
      <trkpt lat="41.75268542021513" lon="12.73905448615551">
        <ele>766.78999999999996</ele>
        <time>2022-11-09T08:56:18Z</time>
      </trkpt>
      <trkpt lat="41.752812154591084" lon="12.739035543054342">
        <ele>764.38999999999999</ele>
        <time>2022-11-09T08:56:32Z</time>
      </trkpt>
      <trkpt lat="41.752904439345002" lon="12.739000590518117">
        <ele>761.5</ele>
        <time>2022-11-09T08:56:53Z</time>
      </trkpt>
      <trkpt lat="41.752935033291578" lon="12.738997740671039">
        <ele>760.05999999999995</ele>
        <time>2022-11-09T08:57:18Z</time>
      </trkpt>
      <trkpt lat="41.75295171327889" lon="12.73903202265501">
        <ele>759.58000000000004</ele>
        <time>2022-11-09T08:58:04Z</time>
      </trkpt>
      <trkpt lat="41.753118177875876" lon="12.739107795059681">
        <ele>757.17999999999995</ele>
        <time>2022-11-09T08:58:26Z</time>
      </trkpt>
      <trkpt lat="41.753318170085549" lon="12.739131012931466">
        <ele>753.80999999999995</ele>
        <time>2022-11-09T08:58:45Z</time>
      </trkpt>
      <trkpt lat="41.753466194495559" lon="12.739250957965851">
        <ele>750.45000000000005</ele>
        <time>2022-11-09T08:59:04Z</time>
      </trkpt>
      <trkpt lat="41.75357524305582" lon="12.739347098395228">
        <ele>747.55999999999995</ele>
        <time>2022-11-09T08:59:22Z</time>
      </trkpt>
      <trkpt lat="41.753739025443792" lon="12.739305607974529">
        <ele>744.20000000000005</ele>
        <time>2022-11-09T08:59:40Z</time>
      </trkpt>
      <trkpt lat="41.753893587738276" lon="12.739275181666017">
        <ele>741.78999999999996</ele>
        <time>2022-11-09T08:59:55Z</time>
      </trkpt>
      <trkpt lat="41.753909680992365" lon="12.739279791712761">
        <ele>741.78999999999996</ele>
        <time>2022-11-09T08:59:56Z</time>
      </trkpt>
      <trkpt lat="41.753921750932932" lon="12.739285156130791">
        <ele>741.30999999999995</ele>
        <time>2022-11-09T08:59:57Z</time>
      </trkpt>
      <trkpt lat="41.75404823385179" lon="12.739297058433294">
        <ele>739.38999999999999</ele>
        <time>2022-11-09T09:00:13Z</time>
      </trkpt>
      <trkpt lat="41.754120402038097" lon="12.73934961296618">
        <ele>738.42999999999995</ele>
        <time>2022-11-09T09:00:19Z</time>
      </trkpt>
      <trkpt lat="41.754156108945608" lon="12.739366376772523">
        <ele>738.42999999999995</ele>
        <time>2022-11-09T09:00:21Z</time>
      </trkpt>
      <trkpt lat="41.754256105050445" lon="12.73942488245666">
        <ele>736.99000000000001</ele>
        <time>2022-11-09T09:00:29Z</time>
      </trkpt>
      <trkpt lat="41.754271192476153" lon="12.739431420341134">
        <ele>736.99000000000001</ele>
        <time>2022-11-09T09:00:30Z</time>
      </trkpt>
      <trkpt lat="41.754437321797013" lon="12.73945027962327">
        <ele>734.58000000000004</ele>
        <time>2022-11-09T09:00:43Z</time>
      </trkpt>
      <trkpt lat="41.754608564078808" lon="12.739514736458659">
        <ele>732.65999999999997</ele>
        <time>2022-11-09T09:01:00Z</time>
      </trkpt>
      <trkpt lat="41.754834875464439" lon="12.739517251029611">
        <ele>729.77999999999997</ele>
        <time>2022-11-09T09:01:19Z</time>
      </trkpt>
      <trkpt lat="41.754899332299829" lon="12.739580199122429">
        <ele>728.82000000000005</ele>
        <time>2022-11-09T09:01:25Z</time>
      </trkpt>
      <trkpt lat="41.754906121641397" lon="12.739593191072345">
        <ele>728.82000000000005</ele>
        <time>2022-11-09T09:01:26Z</time>
      </trkpt>
      <trkpt lat="41.754912659525871" lon="12.73960517719388">
        <ele>728.82000000000005</ele>
        <time>2022-11-09T09:01:27Z</time>
      </trkpt>
      <trkpt lat="41.754959346726537" lon="12.739672064781189">
        <ele>727.86000000000001</ele>
        <time>2022-11-09T09:01:33Z</time>
      </trkpt>
      <trkpt lat="41.75499371252954" lon="12.739689247682691">
        <ele>727.37</ele>
        <time>2022-11-09T09:01:36Z</time>
      </trkpt>
      <trkpt lat="41.755004609003663" lon="12.739696372300386">
        <ele>727.37</ele>
        <time>2022-11-09T09:01:37Z</time>
      </trkpt>
      <trkpt lat="41.755042243748903" lon="12.73969067260623">
        <ele>726.40999999999997</ele>
        <time>2022-11-09T09:01:41Z</time>
      </trkpt>
      <trkpt lat="41.755139557644725" lon="12.739658486098051">
        <ele>724.00999999999999</ele>
        <time>2022-11-09T09:01:57Z</time>
      </trkpt>
      <trkpt lat="41.755147101357579" lon="12.739646667614579">
        <ele>724.00999999999999</ele>
        <time>2022-11-09T09:02:00Z</time>
      </trkpt>
      <trkpt lat="41.755154812708497" lon="12.739637447521091">
        <ele>724.00999999999999</ele>
        <time>2022-11-09T09:02:01Z</time>
      </trkpt>
      <trkpt lat="41.755172917619348" lon="12.739614816382527">
        <ele>724.00999999999999</ele>
        <time>2022-11-09T09:02:03Z</time>
      </trkpt>
      <trkpt lat="41.755181467160583" lon="12.739603836089373">
        <ele>724.00999999999999</ele>
        <time>2022-11-09T09:02:04Z</time>
      </trkpt>
      <trkpt lat="41.755191190168262" lon="12.739596124738455">
        <ele>724.00999999999999</ele>
        <time>2022-11-09T09:02:05Z</time>
      </trkpt>
      <trkpt lat="41.755341226235032" lon="12.739412561058998">
        <ele>722.57000000000005</ele>
        <time>2022-11-09T09:02:22Z</time>
      </trkpt>
      <trkpt lat="41.755348602309823" lon="12.739401077851653">
        <ele>722.57000000000005</ele>
        <time>2022-11-09T09:02:23Z</time>
      </trkpt>
      <trkpt lat="41.755358660593629" lon="12.739393534138799">
        <ele>722.57000000000005</ele>
        <time>2022-11-09T09:02:24Z</time>
      </trkpt>
      <trkpt lat="41.755368048325181" lon="12.739385319873691">
        <ele>722.57000000000005</ele>
        <time>2022-11-09T09:02:25Z</time>
      </trkpt>
      <trkpt lat="41.75537483766675" lon="12.739372914656997">
        <ele>722.57000000000005</ele>
        <time>2022-11-09T09:02:26Z</time>
      </trkpt>
      <trkpt lat="41.755382884293795" lon="12.739359252154827">
        <ele>722.57000000000005</ele>
        <time>2022-11-09T09:02:27Z</time>
      </trkpt>
      <trkpt lat="41.755390679463744" lon="12.739346427842975">
        <ele>722.57000000000005</ele>
        <time>2022-11-09T09:02:28Z</time>
      </trkpt>
      <trkpt lat="41.755398893728852" lon="12.739335782825947">
        <ele>722.57000000000005</ele>
        <time>2022-11-09T09:02:29Z</time>
      </trkpt>
      <trkpt lat="41.755408281460404" lon="12.739328742027283">
        <ele>722.57000000000005</ele>
        <time>2022-11-09T09:02:30Z</time>
      </trkpt>
      <trkpt lat="41.755419764667749" lon="12.739322036504745">
        <ele>722.57000000000005</ele>
        <time>2022-11-09T09:02:31Z</time>
      </trkpt>
      <trkpt lat="41.755431918427348" lon="12.739313906058669">
        <ele>722.57000000000005</ele>
        <time>2022-11-09T09:02:32Z</time>
      </trkpt>
      <trkpt lat="41.755439797416329" lon="12.739305021241307">
        <ele>722.57000000000005</ele>
        <time>2022-11-09T09:02:33Z</time>
      </trkpt>
      <trkpt lat="41.755521604791284" lon="12.739199157804251">
        <ele>722.57000000000005</ele>
        <time>2022-11-09T09:02:44Z</time>
      </trkpt>
      <trkpt lat="41.755527723580599" lon="12.739184740930796">
        <ele>722.57000000000005</ele>
        <time>2022-11-09T09:02:45Z</time>
      </trkpt>
      <trkpt lat="41.755535183474422" lon="12.739175520837307">
        <ele>722.57000000000005</ele>
        <time>2022-11-09T09:02:46Z</time>
      </trkpt>
      <trkpt lat="41.755662839859724" lon="12.739051971584558">
        <ele>724.00999999999999</ele>
        <time>2022-11-09T09:03:04Z</time>
      </trkpt>
      <trkpt lat="41.755701312795281" lon="12.739011654630303">
        <ele>724.49000000000001</ele>
        <time>2022-11-09T09:03:10Z</time>
      </trkpt>
      <trkpt lat="41.755813546478748" lon="12.738865809515119">
        <ele>724.49000000000001</ele>
        <time>2022-11-09T09:03:24Z</time>
      </trkpt>
      <trkpt lat="41.755950674414635" lon="12.738719210028648">
        <ele>724.97000000000003</ele>
        <time>2022-11-09T09:03:39Z</time>
      </trkpt>
      <trkpt lat="41.756008258089423" lon="12.738689873367548">
        <ele>724.97000000000003</ele>
        <time>2022-11-09T09:03:45Z</time>
      </trkpt>
      <trkpt lat="41.756070032715797" lon="12.738593649119139">
        <ele>724.97000000000003</ele>
        <time>2022-11-09T09:03:59Z</time>
      </trkpt>
      <trkpt lat="41.756107164546847" lon="12.73863966576755">
        <ele>724.97000000000003</ele>
        <time>2022-11-09T09:04:13Z</time>
      </trkpt>
      <trkpt lat="41.756166759878397" lon="12.738733626902103">
        <ele>724.97000000000003</ele>
        <time>2022-11-09T09:04:27Z</time>
      </trkpt>
      <trkpt lat="41.756260385736823" lon="12.738829348236322">
        <ele>724.97000000000003</ele>
        <time>2022-11-09T09:04:36Z</time>
      </trkpt>
      <trkpt lat="41.756385443732142" lon="12.739020958542824">
        <ele>724.97000000000003</ele>
        <time>2022-11-09T09:04:54Z</time>
      </trkpt>
      <trkpt lat="41.756411343812943" lon="12.739090528339148">
        <ele>732.17999999999995</ele>
        <time>2022-11-09T09:04:59Z</time>
      </trkpt>
      <trkpt lat="41.756407655775547" lon="12.73910041898489">
        <ele>732.17999999999995</ele>
        <time>2022-11-09T09:05:00Z</time>
      </trkpt>
      <trkpt lat="41.756407991051674" lon="12.739165378734469">
        <ele>732.17999999999995</ele>
        <time>2022-11-09T09:05:06Z</time>
      </trkpt>
      <trkpt lat="41.756507819518447" lon="12.739295465871692">
        <ele>734.58000000000004</ele>
        <time>2022-11-09T09:05:24Z</time>
      </trkpt>
      <trkpt lat="41.756541095674038" lon="12.739342655986547">
        <ele>735.07000000000005</ele>
        <time>2022-11-09T09:05:30Z</time>
      </trkpt>
      <trkpt lat="41.756755420938134" lon="12.739446926862001">
        <ele>736.99000000000001</ele>
        <time>2022-11-09T09:05:47Z</time>
      </trkpt>
      <trkpt lat="41.756927417591214" lon="12.739406526088715">
        <ele>737.47000000000003</ele>
        <time>2022-11-09T09:06:01Z</time>
      </trkpt>
      <trkpt lat="41.757056415081024" lon="12.739536110311747">
        <ele>738.42999999999995</ele>
        <time>2022-11-09T09:06:16Z</time>
      </trkpt>
      <trkpt lat="41.757090864703059" lon="12.739597884938121">
        <ele>738.42999999999995</ele>
        <time>2022-11-09T09:06:21Z</time>
      </trkpt>
      <trkpt lat="41.757124811410904" lon="12.739648595452309">
        <ele>738.90999999999997</ele>
        <time>2022-11-09T09:06:25Z</time>
      </trkpt>
      <trkpt lat="41.75722430460155" lon="12.73974490351975">
        <ele>739.87</ele>
        <time>2022-11-09T09:06:38Z</time>
      </trkpt>
      <trkpt lat="41.757375681772828" lon="12.739965012297034">
        <ele>741.78999999999996</ele>
        <time>2022-11-09T09:06:55Z</time>
      </trkpt>
      <trkpt lat="41.75755999982357" lon="12.739950511604548">
        <ele>743.72000000000003</ele>
        <time>2022-11-09T09:07:12Z</time>
      </trkpt>
      <trkpt lat="41.757684135809541" lon="12.739908518269658">
        <ele>745.63999999999999</ele>
        <time>2022-11-09T09:07:31Z</time>
      </trkpt>
      <trkpt lat="41.757881361991167" lon="12.739831153303385">
        <ele>748.51999999999998</ele>
        <time>2022-11-09T09:07:55Z</time>
      </trkpt>
      <trkpt lat="41.758030476048589" lon="12.739713219925761">
        <ele>751.40999999999997</ele>
        <time>2022-11-09T09:08:15Z</time>
      </trkpt>
      <trkpt lat="41.758192833513021" lon="12.739694025367498">
        <ele>754.76999999999998</ele>
        <time>2022-11-09T09:08:32Z</time>
      </trkpt>
      <trkpt lat="41.758332392200828" lon="12.739599142223597">
        <ele>757.65999999999997</ele>
        <time>2022-11-09T09:08:51Z</time>
      </trkpt>
      <trkpt lat="41.758468598127365" lon="12.739535020664334">
        <ele>761.01999999999998</ele>
        <time>2022-11-09T09:09:10Z</time>
      </trkpt>
      <trkpt lat="41.758554596453905" lon="12.739461176097393">
        <ele>762.46000000000004</ele>
        <time>2022-11-09T09:09:26Z</time>
      </trkpt>
      <trkpt lat="41.75857437774539" lon="12.739453632384539">
        <ele>762.46000000000004</ele>
        <time>2022-11-09T09:09:27Z</time>
      </trkpt>
      <trkpt lat="41.758596003055573" lon="12.73943074978888">
        <ele>762.46000000000004</ele>
        <time>2022-11-09T09:09:28Z</time>
      </trkpt>
      <trkpt lat="41.758616371080279" lon="12.73942387662828">
        <ele>762.46000000000004</ele>
        <time>2022-11-09T09:09:29Z</time>
      </trkpt>
      <trkpt lat="41.758683593943715" lon="12.739348607137799">
        <ele>765.35000000000002</ele>
        <time>2022-11-09T09:09:44Z</time>
      </trkpt>
      <trkpt lat="41.758768502622843" lon="12.739332346245646">
        <ele>767.75</ele>
        <time>2022-11-09T09:09:55Z</time>
      </trkpt>
      <trkpt lat="41.758892387151718" lon="12.739285659044981">
        <ele>770.14999999999998</ele>
        <time>2022-11-09T09:10:11Z</time>
      </trkpt>
      <trkpt lat="41.759028173983097" lon="12.739256825298071">
        <ele>772.55999999999995</ele>
        <time>2022-11-09T09:10:25Z</time>
      </trkpt>
      <trkpt lat="41.759155998006463" lon="12.739199995994568">
        <ele>774.96000000000004</ele>
        <time>2022-11-09T09:10:41Z</time>
      </trkpt>
      <trkpt lat="41.759253898635507" lon="12.739188680425286">
        <ele>776.39999999999998</ele>
        <time>2022-11-09T09:10:53Z</time>
      </trkpt>
      <trkpt lat="41.759321624413133" lon="12.739143166691065">
        <ele>777.36000000000001</ele>
        <time>2022-11-09T09:11:05Z</time>
      </trkpt>
      <trkpt lat="41.75938499160111" lon="12.739149956032634">
        <ele>779.28999999999996</ele>
        <time>2022-11-09T09:11:12Z</time>
      </trkpt>
      <trkpt lat="41.759464703500271" lon="12.739135371521115">
        <ele>782.16999999999996</ele>
        <time>2022-11-09T09:11:24Z</time>
      </trkpt>
      <trkpt lat="41.759586995467544" lon="12.739074854180217">
        <ele>784.57000000000005</ele>
        <time>2022-11-09T09:11:39Z</time>
      </trkpt>
      <trkpt lat="41.759643824771047" lon="12.73901735432446">
        <ele>786.01999999999998</ele>
        <time>2022-11-09T09:11:48Z</time>
      </trkpt>
      <trkpt lat="41.759722530841827" lon="12.738914508372545">
        <ele>786.5</ele>
        <time>2022-11-09T09:11:58Z</time>
      </trkpt>
      <trkpt lat="41.759725799784064" lon="12.738900007680058">
        <ele>786.98000000000002</ele>
        <time>2022-11-09T09:11:59Z</time>
      </trkpt>
      <trkpt lat="41.75976661965251" lon="12.738705966621637">
        <ele>788.89999999999998</ele>
        <time>2022-11-09T09:12:14Z</time>
      </trkpt>
      <trkpt lat="41.759783215820789" lon="12.738565821200609">
        <ele>789.38</ele>
        <time>2022-11-09T09:12:27Z</time>
      </trkpt>
      <trkpt lat="41.759798135608435" lon="12.738457443192601">
        <ele>789.86000000000001</ele>
        <time>2022-11-09T09:12:38Z</time>
      </trkpt>
      <trkpt lat="41.759831747040153" lon="12.738316794857383">
        <ele>789.38</ele>
        <time>2022-11-09T09:12:51Z</time>
      </trkpt>
      <trkpt lat="41.759868459776044" lon="12.738232389092445">
        <ele>788.89999999999998</ele>
        <time>2022-11-09T09:13:03Z</time>
      </trkpt>
      <trkpt lat="41.759896539151669" lon="12.738196849822998">
        <ele>788.89999999999998</ele>
        <time>2022-11-09T09:13:07Z</time>
      </trkpt>
      <trkpt lat="41.760054286569357" lon="12.737895268946886">
        <ele>790.34000000000003</ele>
        <time>2022-11-09T09:13:35Z</time>
      </trkpt>
      <trkpt lat="41.760248746722937" lon="12.73759008385241">
        <ele>793.22000000000003</ele>
        <time>2022-11-09T09:14:03Z</time>
      </trkpt>
      <trkpt lat="41.760391741991043" lon="12.737307026982307">
        <ele>796.59000000000003</ele>
        <time>2022-11-09T09:14:27Z</time>
      </trkpt>
      <trkpt lat="41.760542029514909" lon="12.736979965120554">
        <ele>799.47000000000003</ele>
        <time>2022-11-09T09:14:50Z</time>
      </trkpt>
      <trkpt lat="41.76065057516098" lon="12.736732196062803">
        <ele>802.84000000000003</ele>
        <time>2022-11-09T09:15:12Z</time>
      </trkpt>
      <trkpt lat="41.760831456631422" lon="12.736477637663484">
        <ele>805.72000000000003</ele>
        <time>2022-11-09T09:15:32Z</time>
      </trkpt>
      <trkpt lat="41.76097403280437" lon="12.736236238852143">
        <ele>808.61000000000001</ele>
        <time>2022-11-09T09:15:55Z</time>
      </trkpt>
      <trkpt lat="41.761164385825396" lon="12.736123586073518">
        <ele>811.97000000000003</ele>
        <time>2022-11-09T09:16:18Z</time>
      </trkpt>
      <trkpt lat="41.761357085779309" lon="12.736120065674186">
        <ele>814.85000000000002</ele>
        <time>2022-11-09T09:16:39Z</time>
      </trkpt>
      <trkpt lat="41.76154182292521" lon="12.736008418723941">
        <ele>818.22000000000003</ele>
        <time>2022-11-09T09:17:01Z</time>
      </trkpt>
      <trkpt lat="41.761701079085469" lon="12.735964246094227">
        <ele>821.10000000000002</ele>
        <time>2022-11-09T09:17:20Z</time>
      </trkpt>
      <trkpt lat="41.761795207858086" lon="12.735997689887881">
        <ele>822.54999999999995</ele>
        <time>2022-11-09T09:17:27Z</time>
      </trkpt>
      <trkpt lat="41.761824125424027" lon="12.736007245257497">
        <ele>822.54999999999995</ele>
        <time>2022-11-09T09:17:28Z</time>
      </trkpt>
      <trkpt lat="41.762079773470759" lon="12.735951505601406">
        <ele>823.99000000000001</ele>
        <time>2022-11-09T09:17:53Z</time>
      </trkpt>
      <trkpt lat="41.762246489524841" lon="12.735954439267516">
        <ele>823.99000000000001</ele>
        <time>2022-11-09T09:18:07Z</time>
      </trkpt>
      <trkpt lat="41.762271886691451" lon="12.735959971323609">
        <ele>824.47000000000003</ele>
        <time>2022-11-09T09:18:09Z</time>
      </trkpt>
      <trkpt lat="41.76228353753686" lon="12.73595754057169">
        <ele>824.47000000000003</ele>
        <time>2022-11-09T09:18:10Z</time>
      </trkpt>
      <trkpt lat="41.762296613305807" lon="12.735958211123943">
        <ele>824.47000000000003</ele>
        <time>2022-11-09T09:18:11Z</time>
      </trkpt>
      <trkpt lat="41.762360818684101" lon="12.735975058749318">
        <ele>824.95000000000005</ele>
        <time>2022-11-09T09:18:22Z</time>
      </trkpt>
      <trkpt lat="41.76237347535789" lon="12.735978830605745">
        <ele>824.95000000000005</ele>
        <time>2022-11-09T09:18:23Z</time>
      </trkpt>
      <trkpt lat="41.762438854202628" lon="12.736016549170017">
        <ele>825.42999999999995</ele>
        <time>2022-11-09T09:18:31Z</time>
      </trkpt>
      <trkpt lat="41.762468190863729" lon="12.736015124246478">
        <ele>825.42999999999995</ele>
        <time>2022-11-09T09:18:34Z</time>
      </trkpt>
      <trkpt lat="41.762598361819983" lon="12.736001294106245">
        <ele>826.38999999999999</ele>
        <time>2022-11-09T09:18:48Z</time>
      </trkpt>
      <trkpt lat="41.762775052338839" lon="12.736070612445474">
        <ele>827.83000000000004</ele>
        <time>2022-11-09T09:19:02Z</time>
      </trkpt>
      <trkpt lat="41.762830540537834" lon="12.736082850024104">
        <ele>828.30999999999995</ele>
        <time>2022-11-09T09:19:07Z</time>
      </trkpt>
      <trkpt lat="41.762861469760537" lon="12.736075725406408">
        <ele>828.78999999999996</ele>
        <time>2022-11-09T09:19:10Z</time>
      </trkpt>
      <trkpt lat="41.763013433665037" lon="12.736135656014085">
        <ele>830.24000000000001</ele>
        <time>2022-11-09T09:19:26Z</time>
      </trkpt>
      <trkpt lat="41.763248378410935" lon="12.73614814504981">
        <ele>833.12</ele>
        <time>2022-11-09T09:19:51Z</time>
      </trkpt>
      <trkpt lat="41.763289952650666" lon="12.736168680712581">
        <ele>833.60000000000002</ele>
        <time>2022-11-09T09:19:54Z</time>
      </trkpt>
      <trkpt lat="41.763424566015601" lon="12.736225845292211">
        <ele>835.51999999999998</ele>
        <time>2022-11-09T09:20:09Z</time>
      </trkpt>
      <trkpt lat="41.763588264584541" lon="12.736270939931273">
        <ele>838.40999999999997</ele>
        <time>2022-11-09T09:20:29Z</time>
      </trkpt>
      <trkpt lat="41.763735199347138" lon="12.736298264935613">
        <ele>841.76999999999998</ele>
        <time>2022-11-09T09:20:45Z</time>
      </trkpt>
      <trkpt lat="41.763801081106067" lon="12.736229617148638">
        <ele>842.25</ele>
        <time>2022-11-09T09:20:53Z</time>
      </trkpt>
      <trkpt lat="41.763810636475682" lon="12.73622190579772">
        <ele>842.73000000000002</ele>
        <time>2022-11-09T09:20:54Z</time>
      </trkpt>
      <trkpt lat="41.763820694759488" lon="12.736216960474849">
        <ele>842.73000000000002</ele>
        <time>2022-11-09T09:20:55Z</time>
      </trkpt>
      <trkpt lat="41.763958996161819" lon="12.736184606328607">
        <ele>843.21000000000004</ele>
        <time>2022-11-09T09:21:09Z</time>
      </trkpt>
      <trkpt lat="41.76397324539721" lon="12.736178487539291">
        <ele>843.69000000000005</ele>
        <time>2022-11-09T09:21:10Z</time>
      </trkpt>
      <trkpt lat="41.764091681689024" lon="12.736117634922266">
        <ele>843.69000000000005</ele>
        <time>2022-11-09T09:21:23Z</time>
      </trkpt>
      <trkpt lat="41.764105847105384" lon="12.736109001561999">
        <ele>843.69000000000005</ele>
        <time>2022-11-09T09:21:24Z</time>
      </trkpt>
      <trkpt lat="41.764128981158137" lon="12.736092740669847">
        <ele>843.69000000000005</ele>
        <time>2022-11-09T09:21:26Z</time>
      </trkpt>
      <trkpt lat="41.76414281129837" lon="12.73608804680407">
        <ele>843.69000000000005</ele>
        <time>2022-11-09T09:21:27Z</time>
      </trkpt>
      <trkpt lat="41.764190839603543" lon="12.736027361825109">
        <ele>843.69000000000005</ele>
        <time>2022-11-09T09:21:33Z</time>
      </trkpt>
      <trkpt lat="41.764211626723409" lon="12.736016549170017">
        <ele>843.69000000000005</ele>
        <time>2022-11-09T09:21:34Z</time>
      </trkpt>
      <trkpt lat="41.76425906829536" lon="12.735965335741639">
        <ele>843.69000000000005</ele>
        <time>2022-11-09T09:21:39Z</time>
      </trkpt>
      <trkpt lat="41.764274071902037" lon="12.73595611564815">
        <ele>843.69000000000005</ele>
        <time>2022-11-09T09:21:40Z</time>
      </trkpt>
      <trkpt lat="41.764314975589514" lon="12.735939268022776">
        <ele>843.21000000000004</ele>
        <time>2022-11-09T09:21:45Z</time>
      </trkpt>
      <trkpt lat="41.764357723295689" lon="12.735896687954664">
        <ele>843.21000000000004</ele>
        <time>2022-11-09T09:21:49Z</time>
      </trkpt>
      <trkpt lat="41.764367278665304" lon="12.735894089564681">
        <ele>843.21000000000004</ele>
        <time>2022-11-09T09:21:50Z</time>
      </trkpt>
      <trkpt lat="41.764380522072315" lon="12.735893838107586">
        <ele>843.21000000000004</ele>
        <time>2022-11-09T09:21:51Z</time>
      </trkpt>
      <trkpt lat="41.764396615326405" lon="12.735892161726952">
        <ele>843.21000000000004</ele>
        <time>2022-11-09T09:21:52Z</time>
      </trkpt>
      <trkpt lat="41.764538688585162" lon="12.735826028510928">
        <ele>841.76999999999998</ele>
        <time>2022-11-09T09:22:05Z</time>
      </trkpt>
      <trkpt lat="41.764568947255611" lon="12.735812198370695">
        <ele>840.80999999999995</ele>
        <time>2022-11-09T09:22:14Z</time>
      </trkpt>
      <trkpt lat="41.764632649719715" lon="12.735771965235472">
        <ele>839.37</ele>
        <time>2022-11-09T09:22:24Z</time>
      </trkpt>
      <trkpt lat="41.764638600870967" lon="12.735762242227793">
        <ele>839.37</ele>
        <time>2022-11-09T09:22:25Z</time>
      </trkpt>
      <trkpt lat="41.764649245887995" lon="12.735758386552334">
        <ele>838.88999999999999</ele>
        <time>2022-11-09T09:22:26Z</time>
      </trkpt>
      <trkpt lat="41.764660812914371" lon="12.735755536705256">
        <ele>838.88999999999999</ele>
        <time>2022-11-09T09:22:27Z</time>
      </trkpt>
      <trkpt lat="41.764726778492332" lon="12.735676746815443">
        <ele>836.48000000000002</ele>
        <time>2022-11-09T09:22:37Z</time>
      </trkpt>
      <trkpt lat="41.764736920595169" lon="12.73559988476336">
        <ele>835.51999999999998</ele>
        <time>2022-11-09T09:22:42Z</time>
      </trkpt>
      <trkpt lat="41.764736669138074" lon="12.735578678548336">
        <ele>835.03999999999996</ele>
        <time>2022-11-09T09:22:43Z</time>
      </trkpt>
      <trkpt lat="41.76475795917213" lon="12.735319510102272">
        <ele>832.15999999999997</ele>
        <time>2022-11-09T09:22:59Z</time>
      </trkpt>
      <trkpt lat="41.764761311933398" lon="12.735148100182414">
        <ele>830.24000000000001</ele>
        <time>2022-11-09T09:23:11Z</time>
      </trkpt>
      <trkpt lat="41.764762485399842" lon="12.735130498185754">
        <ele>830.24000000000001</ele>
        <time>2022-11-09T09:23:12Z</time>
      </trkpt>
      <trkpt lat="41.764783607795835" lon="12.735094958916306">
        <ele>829.26999999999998</ele>
        <time>2022-11-09T09:23:15Z</time>
      </trkpt>
      <trkpt lat="41.764835240319371" lon="12.734973924234509">
        <ele>827.83000000000004</ele>
        <time>2022-11-09T09:23:26Z</time>
      </trkpt>
      <trkpt lat="41.764836581423879" lon="12.734958752989769">
        <ele>827.83000000000004</ele>
        <time>2022-11-09T09:23:27Z</time>
      </trkpt>
      <trkpt lat="41.764838006347418" lon="12.734945006668568">
        <ele>827.83000000000004</ele>
        <time>2022-11-09T09:23:28Z</time>
      </trkpt>
      <trkpt lat="41.764838676899672" lon="12.7349295001477">
        <ele>827.83000000000004</ele>
        <time>2022-11-09T09:23:29Z</time>
      </trkpt>
      <trkpt lat="41.76483859308064" lon="12.734915502369404">
        <ele>827.35000000000002</ele>
        <time>2022-11-09T09:23:30Z</time>
      </trkpt>
      <trkpt lat="41.764779668301344" lon="12.734693298116326">
        <ele>823.99000000000001</ele>
        <time>2022-11-09T09:23:46Z</time>
      </trkpt>
      <trkpt lat="41.764760641381145" lon="12.734430441632867">
        <ele>822.05999999999995</ele>
        <time>2022-11-09T09:24:03Z</time>
      </trkpt>
      <trkpt lat="41.764773800969124" lon="12.734265737235546">
        <ele>821.58000000000004</ele>
        <time>2022-11-09T09:24:14Z</time>
      </trkpt>
      <trkpt lat="41.764774555340409" lon="12.734248973429203">
        <ele>821.58000000000004</ele>
        <time>2022-11-09T09:24:15Z</time>
      </trkpt>
      <trkpt lat="41.764788972213864" lon="12.734020482748747">
        <ele>822.05999999999995</ele>
        <time>2022-11-09T09:24:31Z</time>
      </trkpt>
      <trkpt lat="41.764793414622545" lon="12.733955020084977">
        <ele>822.54999999999995</ele>
        <time>2022-11-09T09:24:36Z</time>
      </trkpt>
      <trkpt lat="41.764788972213864" lon="12.7339434530586">
        <ele>822.54999999999995</ele>
        <time>2022-11-09T09:24:37Z</time>
      </trkpt>
      <trkpt lat="41.764784110710025" lon="12.733898106962442">
        <ele>823.02999999999997</ele>
        <time>2022-11-09T09:24:41Z</time>
      </trkpt>
      <trkpt lat="41.764780171215534" lon="12.733882516622543">
        <ele>823.02999999999997</ele>
        <time>2022-11-09T09:24:42Z</time>
      </trkpt>
      <trkpt lat="41.764731388539076" lon="12.733834320679307">
        <ele>822.54999999999995</ele>
        <time>2022-11-09T09:24:49Z</time>
      </trkpt>
      <trkpt lat="41.764666428789496" lon="12.733716303482652">
        <ele>819.65999999999997</ele>
        <time>2022-11-09T09:25:05Z</time>
      </trkpt>
      <trkpt lat="41.764622591435909" lon="12.733595855534077">
        <ele>816.77999999999997</ele>
        <time>2022-11-09T09:25:19Z</time>
      </trkpt>
      <trkpt lat="41.764576071873307" lon="12.733501391485333">
        <ele>814.85000000000002</ele>
        <time>2022-11-09T09:25:32Z</time>
      </trkpt>
      <trkpt lat="41.764567187055945" lon="12.733388235792518">
        <ele>811.97000000000003</ele>
        <time>2022-11-09T09:25:46Z</time>
      </trkpt>
      <trkpt lat="41.764524606987834" lon="12.733270889148116">
        <ele>809.57000000000005</ele>
        <time>2022-11-09T09:26:00Z</time>
      </trkpt>
      <trkpt lat="41.764482194557786" lon="12.733177933841944">
        <ele>807.63999999999999</ele>
        <time>2022-11-09T09:26:14Z</time>
      </trkpt>
      <trkpt lat="41.764424443244934" lon="12.733056312426925">
        <ele>804.75999999999999</ele>
        <time>2022-11-09T09:26:28Z</time>
      </trkpt>
      <trkpt lat="41.764404075220227" lon="12.73297592997551">
        <ele>802.84000000000003</ele>
        <time>2022-11-09T09:26:37Z</time>
      </trkpt>
      <trkpt lat="41.764395693317056" lon="12.732907449826598">
        <ele>801.88</ele>
        <time>2022-11-09T09:26:43Z</time>
      </trkpt>
      <trkpt lat="41.764385718852282" lon="12.732810471206903">
        <ele>800.44000000000005</ele>
        <time>2022-11-09T09:26:51Z</time>
      </trkpt>
      <trkpt lat="41.764386892318726" lon="12.732608132064342">
        <ele>797.54999999999995</ele>
        <time>2022-11-09T09:27:07Z</time>
      </trkpt>
      <trkpt lat="41.764349257573485" lon="12.732378048822284">
        <ele>795.14999999999998</ele>
        <time>2022-11-09T09:27:25Z</time>
      </trkpt>
      <trkpt lat="41.76435680128634" lon="12.732287524268031">
        <ele>794.19000000000005</ele>
        <time>2022-11-09T09:27:34Z</time>
      </trkpt>
      <trkpt lat="41.764380522072315" lon="12.732236310839653">
        <ele>793.71000000000004</ele>
        <time>2022-11-09T09:27:39Z</time>
      </trkpt>
      <trkpt lat="41.764388987794518" lon="12.732214936986566">
        <ele>793.22000000000003</ele>
        <time>2022-11-09T09:27:55Z</time>
      </trkpt>
      <trkpt lat="41.764367781579494" lon="12.732123490422964">
        <ele>792.74000000000001</ele>
        <time>2022-11-09T09:28:08Z</time>
      </trkpt>
      <trkpt lat="41.764279771596193" lon="12.731966497376561">
        <ele>791.77999999999997</ele>
        <time>2022-11-09T09:28:22Z</time>
      </trkpt>
      <trkpt lat="41.764187989756465" lon="12.731960546225309">
        <ele>791.77999999999997</ele>
        <time>2022-11-09T09:28:39Z</time>
      </trkpt>
      <trkpt lat="41.764141218736768" lon="12.731942692771554">
        <ele>791.77999999999997</ele>
        <time>2022-11-09T09:28:54Z</time>
      </trkpt>
      <trkpt lat="41.764132836833596" lon="12.731938669458032">
        <ele>791.29999999999995</ele>
        <time>2022-11-09T09:29:24Z</time>
      </trkpt>
      <trkpt lat="41.764130741357803" lon="12.731939507648349">
        <ele>791.29999999999995</ele>
        <time>2022-11-09T09:31:49Z</time>
      </trkpt>
      <trkpt lat="41.764150355011225" lon="12.731966581195593">
        <ele>791.29999999999995</ele>
        <time>2022-11-09T09:32:07Z</time>
      </trkpt>
      <trkpt lat="41.764154126867652" lon="12.732024248689413">
        <ele>791.77999999999997</ele>
        <time>2022-11-09T09:32:14Z</time>
      </trkpt>
      <trkpt lat="41.764136692509055" lon="12.732072863727808">
        <ele>792.25999999999999</ele>
        <time>2022-11-09T09:32:18Z</time>
      </trkpt>
      <trkpt lat="41.764112636446953" lon="12.732099518179893">
        <ele>791.77999999999997</ele>
        <time>2022-11-09T09:32:21Z</time>
      </trkpt>
      <trkpt lat="41.764094615355134" lon="12.732105888426304">
        <ele>791.77999999999997</ele>
        <time>2022-11-09T09:32:23Z</time>
      </trkpt>
      <trkpt lat="41.764077264815569" lon="12.732094489037991">
        <ele>791.77999999999997</ele>
        <time>2022-11-09T09:32:25Z</time>
      </trkpt>
      <trkpt lat="41.764042815193534" lon="12.732066242024302">
        <ele>791.29999999999995</ele>
        <time>2022-11-09T09:32:29Z</time>
      </trkpt>
      <trkpt lat="41.764034265652299" lon="12.732061045244336">
        <ele>791.29999999999995</ele>
        <time>2022-11-09T09:32:30Z</time>
      </trkpt>
      <trkpt lat="41.763947932049632" lon="12.73206221871078">
        <ele>789.38</ele>
        <time>2022-11-09T09:32:43Z</time>
      </trkpt>
      <trkpt lat="41.763879954814911" lon="12.732091723009944">
        <ele>786.5</ele>
        <time>2022-11-09T09:32:55Z</time>
      </trkpt>
      <trkpt lat="41.763800829648972" lon="12.732114689424634">
        <ele>783.61000000000001</ele>
        <time>2022-11-09T09:33:08Z</time>
      </trkpt>
      <trkpt lat="41.763751963153481" lon="12.732060877606273">
        <ele>782.16999999999996</ele>
        <time>2022-11-09T09:33:14Z</time>
      </trkpt>
      <trkpt lat="41.763722039759159" lon="12.732062051072717">
        <ele>782.16999999999996</ele>
        <time>2022-11-09T09:33:16Z</time>
      </trkpt>
      <trkpt lat="41.763710388913751" lon="12.732055932283401">
        <ele>782.16999999999996</ele>
        <time>2022-11-09T09:33:17Z</time>
      </trkpt>
      <trkpt lat="41.763568734750152" lon="12.73206708021462">
        <ele>778.80999999999995</ele>
        <time>2022-11-09T09:33:34Z</time>
      </trkpt>
      <trkpt lat="41.763542164117098" lon="12.732079904526472">
        <ele>778.32000000000005</ele>
        <time>2022-11-09T09:33:37Z</time>
      </trkpt>
      <trkpt lat="41.763453986495733" lon="12.732102200388908">
        <ele>774.96000000000004</ele>
        <time>2022-11-09T09:33:48Z</time>
      </trkpt>
      <trkpt lat="41.763376286253333" lon="12.732155928388238">
        <ele>771.60000000000002</ele>
        <time>2022-11-09T09:34:00Z</time>
      </trkpt>
      <trkpt lat="41.763280313462019" lon="12.732186103239655">
        <ele>768.71000000000004</ele>
        <time>2022-11-09T09:34:12Z</time>
      </trkpt>
      <trkpt lat="41.763169253244996" lon="12.732215356081724">
        <ele>765.83000000000004</ele>
        <time>2022-11-09T09:34:26Z</time>
      </trkpt>
      <trkpt lat="41.763130612671375" lon="12.732223235070705">
        <ele>764.87</ele>
        <time>2022-11-09T09:34:31Z</time>
      </trkpt>
      <trkpt lat="41.7630809918046" lon="12.7322200499475">
        <ele>763.41999999999996</ele>
        <time>2022-11-09T09:34:37Z</time>
      </trkpt>
      <trkpt lat="41.763027515262365" lon="12.732234047725797">
        <ele>761.98000000000002</ele>
        <time>2022-11-09T09:34:43Z</time>
      </trkpt>
      <trkpt lat="41.762942187488079" lon="12.732252152636647">
        <ele>759.58000000000004</ele>
        <time>2022-11-09T09:34:53Z</time>
      </trkpt>
      <trkpt lat="41.762853926047683" lon="12.732235472649336">
        <ele>756.69000000000005</ele>
        <time>2022-11-09T09:35:04Z</time>
      </trkpt>
      <trkpt lat="41.762758204713464" lon="12.732199095189571">
        <ele>754.76999999999998</ele>
        <time>2022-11-09T09:35:19Z</time>
      </trkpt>
      <trkpt lat="41.762703889980912" lon="12.732169087976217">
        <ele>754.28999999999996</ele>
        <time>2022-11-09T09:35:26Z</time>
      </trkpt>
      <trkpt lat="41.762692155316472" lon="12.732163891196251">
        <ele>754.28999999999996</ele>
        <time>2022-11-09T09:35:27Z</time>
      </trkpt>
      <trkpt lat="41.76266273483634" lon="12.73214721120894">
        <ele>753.80999999999995</ele>
        <time>2022-11-09T09:35:30Z</time>
      </trkpt>
      <trkpt lat="41.762556955218315" lon="12.732071857899427">
        <ele>752.37</ele>
        <time>2022-11-09T09:35:42Z</time>
      </trkpt>
      <trkpt lat="41.762548070400953" lon="12.732061129063368">
        <ele>752.37</ele>
        <time>2022-11-09T09:35:43Z</time>
      </trkpt>
      <trkpt lat="41.762539772316813" lon="12.73204998113215">
        <ele>752.37</ele>
        <time>2022-11-09T09:35:44Z</time>
      </trkpt>
      <trkpt lat="41.762410774827003" lon="12.731919726356864">
        <ele>750.92999999999995</ele>
        <time>2022-11-09T09:36:00Z</time>
      </trkpt>
      <trkpt lat="41.762318406254053" lon="12.731798775494099">
        <ele>749</ele>
        <time>2022-11-09T09:36:14Z</time>
      </trkpt>
      <trkpt lat="41.762284291908145" lon="12.731773043051362">
        <ele>749</ele>
        <time>2022-11-09T09:36:18Z</time>
      </trkpt>
      <trkpt lat="41.762192845344543" lon="12.731783771887422">
        <ele>747.55999999999995</ele>
        <time>2022-11-09T09:36:34Z</time>
      </trkpt>
      <trkpt lat="41.762168621644378" lon="12.731788381934166">
        <ele>747.08000000000004</ele>
        <time>2022-11-09T09:36:36Z</time>
      </trkpt>
      <trkpt lat="41.76211791113019" lon="12.731797602027655">
        <ele>747.08000000000004</ele>
        <time>2022-11-09T09:36:42Z</time>
      </trkpt>
      <trkpt lat="41.762108774855733" lon="12.731794081628323">
        <ele>747.08000000000004</ele>
        <time>2022-11-09T09:36:43Z</time>
      </trkpt>
      <trkpt lat="41.762099638581276" lon="12.731787459924817">
        <ele>746.60000000000002</ele>
        <time>2022-11-09T09:36:44Z</time>
      </trkpt>
      <trkpt lat="41.762068793177605" lon="12.731781005859375">
        <ele>746.60000000000002</ele>
        <time>2022-11-09T09:36:48Z</time>
      </trkpt>
      <trkpt lat="41.761970389634371" lon="12.731780586764216">
        <ele>745.63999999999999</ele>
        <time>2022-11-09T09:36:59Z</time>
      </trkpt>
      <trkpt lat="41.761958990246058" lon="12.73177882656455">
        <ele>745.63999999999999</ele>
        <time>2022-11-09T09:37:00Z</time>
      </trkpt>
      <trkpt lat="41.761746676638722" lon="12.731775138527155">
        <ele>744.20000000000005</ele>
        <time>2022-11-09T09:37:18Z</time>
      </trkpt>
      <trkpt lat="41.761574344709516" lon="12.731688134372234">
        <ele>743.24000000000001</ele>
        <time>2022-11-09T09:37:33Z</time>
      </trkpt>
      <trkpt lat="41.761566214263439" lon="12.731673717498779">
        <ele>743.24000000000001</ele>
        <time>2022-11-09T09:37:34Z</time>
      </trkpt>
      <trkpt lat="41.76150175742805" lon="12.731602136045694">
        <ele>742.75999999999999</ele>
        <time>2022-11-09T09:37:41Z</time>
      </trkpt>
      <trkpt lat="41.761490106582642" lon="12.731592999771237">
        <ele>742.27999999999997</ele>
        <time>2022-11-09T09:37:42Z</time>
      </trkpt>
      <trkpt lat="41.761479377746582" lon="12.731590401381254">
        <ele>742.27999999999997</ele>
        <time>2022-11-09T09:37:43Z</time>
      </trkpt>
      <trkpt lat="41.761380806565285" lon="12.731563411653042">
        <ele>741.78999999999996</ele>
        <time>2022-11-09T09:37:52Z</time>
      </trkpt>
      <trkpt lat="41.761344345286489" lon="12.731563076376915">
        <ele>741.78999999999996</ele>
        <time>2022-11-09T09:37:56Z</time>
      </trkpt>
      <trkpt lat="41.761329928413033" lon="12.731565842404962">
        <ele>741.78999999999996</ele>
        <time>2022-11-09T09:37:57Z</time>
      </trkpt>
      <trkpt lat="41.761316685006022" lon="12.731570200994611">
        <ele>741.78999999999996</ele>
        <time>2022-11-09T09:37:58Z</time>
      </trkpt>
      <trkpt lat="41.761213839054108" lon="12.731604734435678">
        <ele>741.30999999999995</ele>
        <time>2022-11-09T09:38:08Z</time>
      </trkpt>
      <trkpt lat="41.76119833253324" lon="12.73160825483501">
        <ele>741.30999999999995</ele>
        <time>2022-11-09T09:38:09Z</time>
      </trkpt>
      <trkpt lat="41.761183915659785" lon="12.731615798547864">
        <ele>741.30999999999995</ele>
        <time>2022-11-09T09:38:10Z</time>
      </trkpt>
      <trkpt lat="41.761143850162625" lon="12.731649409979582">
        <ele>741.30999999999995</ele>
        <time>2022-11-09T09:38:15Z</time>
      </trkpt>
      <trkpt lat="41.761056007817388" lon="12.731644045561552">
        <ele>741.30999999999995</ele>
        <time>2022-11-09T09:38:21Z</time>
      </trkpt>
      <trkpt lat="41.760989623144269" lon="12.731575565412641">
        <ele>740.83000000000004</ele>
        <time>2022-11-09T09:38:30Z</time>
      </trkpt>
      <trkpt lat="41.760985348373652" lon="12.731556454673409">
        <ele>740.83000000000004</ele>
        <time>2022-11-09T09:38:31Z</time>
      </trkpt>
      <trkpt lat="41.760978475213051" lon="12.731539942324162">
        <ele>740.83000000000004</ele>
        <time>2022-11-09T09:38:32Z</time>
      </trkpt>
      <trkpt lat="41.760967075824738" lon="12.731528375297785">
        <ele>740.83000000000004</ele>
        <time>2022-11-09T09:38:33Z</time>
      </trkpt>
      <trkpt lat="41.760918376967311" lon="12.731458805501461">
        <ele>740.35000000000002</ele>
        <time>2022-11-09T09:38:40Z</time>
      </trkpt>
      <trkpt lat="41.760901613160968" lon="12.731444053351879">
        <ele>740.35000000000002</ele>
        <time>2022-11-09T09:38:41Z</time>
      </trkpt>
      <trkpt lat="41.760884765535593" lon="12.73142846301198">
        <ele>739.87</ele>
        <time>2022-11-09T09:38:42Z</time>
      </trkpt>
      <trkpt lat="41.76087336614728" lon="12.73141915909946">
        <ele>739.87</ele>
        <time>2022-11-09T09:38:43Z</time>
      </trkpt>
      <trkpt lat="41.760857440531254" lon="12.731388481333852">
        <ele>739.87</ele>
        <time>2022-11-09T09:38:45Z</time>
      </trkpt>
      <trkpt lat="41.760850651189685" lon="12.731369454413652">
        <ele>739.87</ele>
        <time>2022-11-09T09:38:46Z</time>
      </trkpt>
      <trkpt lat="41.760840425267816" lon="12.731363670900464">
        <ele>739.38999999999999</ele>
        <time>2022-11-09T09:38:47Z</time>
      </trkpt>
      <trkpt lat="41.760826762765646" lon="12.731358390301466">
        <ele>739.38999999999999</ele>
        <time>2022-11-09T09:38:48Z</time>
      </trkpt>
      <trkpt lat="41.760813686996698" lon="12.731362916529179">
        <ele>739.38999999999999</ele>
        <time>2022-11-09T09:38:49Z</time>
      </trkpt>
      <trkpt lat="41.76078200340271" lon="12.731355875730515">
        <ele>739.38999999999999</ele>
        <time>2022-11-09T09:38:52Z</time>
      </trkpt>
      <trkpt lat="41.760637080296874" lon="12.731294855475426">
        <ele>739.38999999999999</ele>
        <time>2022-11-09T09:39:05Z</time>
      </trkpt>
      <trkpt lat="41.760435411706567" lon="12.731183795258403">
        <ele>739.38999999999999</ele>
        <time>2022-11-09T09:39:29Z</time>
      </trkpt>
      <trkpt lat="41.760252686217427" lon="12.731033004820347">
        <ele>738.90999999999997</ele>
        <time>2022-11-09T09:39:50Z</time>
      </trkpt>
      <trkpt lat="41.760194851085544" lon="12.730964357033372">
        <ele>738.42999999999995</ele>
        <time>2022-11-09T09:39:57Z</time>
      </trkpt>
      <trkpt lat="41.760183619335294" lon="12.73094960488379">
        <ele>738.42999999999995</ele>
        <time>2022-11-09T09:39:58Z</time>
      </trkpt>
      <trkpt lat="41.760170208290219" lon="12.730934349820018">
        <ele>738.42999999999995</ele>
        <time>2022-11-09T09:39:59Z</time>
      </trkpt>
      <trkpt lat="41.76002025604248" lon="12.730753803625703">
        <ele>736.99000000000001</ele>
        <time>2022-11-09T09:40:14Z</time>
      </trkpt>
      <trkpt lat="41.760005420073867" lon="12.73074684664607">
        <ele>736.99000000000001</ele>
        <time>2022-11-09T09:40:15Z</time>
      </trkpt>
      <trkpt lat="41.759915817528963" lon="12.730605946853757">
        <ele>735.54999999999995</ele>
        <time>2022-11-09T09:40:26Z</time>
      </trkpt>
      <trkpt lat="41.759918248280883" lon="12.73058021441102">
        <ele>735.54999999999995</ele>
        <time>2022-11-09T09:40:27Z</time>
      </trkpt>
      <trkpt lat="41.759917745366693" lon="12.730560014024377">
        <ele>735.07000000000005</ele>
        <time>2022-11-09T09:40:28Z</time>
      </trkpt>
      <trkpt lat="41.759913805872202" lon="12.730547524988651">
        <ele>735.07000000000005</ele>
        <time>2022-11-09T09:40:29Z</time>
      </trkpt>
      <trkpt lat="41.759883631020784" lon="12.730533443391323">
        <ele>734.58000000000004</ele>
        <time>2022-11-09T09:40:33Z</time>
      </trkpt>
      <trkpt lat="41.759874494746327" lon="12.730525145307183">
        <ele>734.58000000000004</ele>
        <time>2022-11-09T09:40:34Z</time>
      </trkpt>
      <trkpt lat="41.759866867214441" lon="12.730515589937568">
        <ele>734.58000000000004</ele>
        <time>2022-11-09T09:40:35Z</time>
      </trkpt>
      <trkpt lat="41.759858401492238" lon="12.73050251416862">
        <ele>734.58000000000004</ele>
        <time>2022-11-09T09:40:36Z</time>
      </trkpt>
      <trkpt lat="41.75985655747354" lon="12.73048440925777">
        <ele>734.58000000000004</ele>
        <time>2022-11-09T09:40:37Z</time>
      </trkpt>
      <trkpt lat="41.759837446734309" lon="12.730461526662111">
        <ele>734.10000000000002</ele>
        <time>2022-11-09T09:40:38Z</time>
      </trkpt>
      <trkpt lat="41.759828142821789" lon="12.730447193607688">
        <ele>734.10000000000002</ele>
        <time>2022-11-09T09:40:39Z</time>
      </trkpt>
      <trkpt lat="41.759797465056181" lon="12.730387765914202">
        <ele>733.62</ele>
        <time>2022-11-09T09:40:44Z</time>
      </trkpt>
      <trkpt lat="41.759788664057851" lon="12.730386592447758">
        <ele>733.62</ele>
        <time>2022-11-09T09:40:45Z</time>
      </trkpt>
      <trkpt lat="41.759779946878552" lon="12.730384580790997">
        <ele>733.62</ele>
        <time>2022-11-09T09:40:46Z</time>
      </trkpt>
      <trkpt lat="41.759681291878223" lon="12.730161370709538">
        <ele>731.70000000000005</ele>
        <time>2022-11-09T09:41:08Z</time>
      </trkpt>
      <trkpt lat="41.759590515866876" lon="12.729937238618731">
        <ele>731.22000000000003</ele>
        <time>2022-11-09T09:41:23Z</time>
      </trkpt>
      <trkpt lat="41.759491609409451" lon="12.72970556281507">
        <ele>728.82000000000005</ele>
        <time>2022-11-09T09:41:41Z</time>
      </trkpt>
      <trkpt lat="41.75948616117239" lon="12.729690978303552">
        <ele>728.82000000000005</ele>
        <time>2022-11-09T09:41:42Z</time>
      </trkpt>
      <trkpt lat="41.759427655488253" lon="12.72937229834497">
        <ele>725.45000000000005</ele>
        <time>2022-11-09T09:42:07Z</time>
      </trkpt>
      <trkpt lat="41.759376274421811" lon="12.729093516245484">
        <ele>723.04999999999995</ele>
        <time>2022-11-09T09:42:28Z</time>
      </trkpt>
      <trkpt lat="41.759353894740343" lon="12.728718006983399">
        <ele>721.13</ele>
        <time>2022-11-09T09:42:49Z</time>
      </trkpt>
      <trkpt lat="41.759357834234834" lon="12.72862521931529">
        <ele>720.15999999999997</ele>
        <time>2022-11-09T09:42:55Z</time>
      </trkpt>
      <trkpt lat="41.759361689910293" lon="12.728612311184406">
        <ele>719.67999999999995</ele>
        <time>2022-11-09T09:42:56Z</time>
      </trkpt>
      <trkpt lat="41.759369149804115" lon="12.728554643690586">
        <ele>719.20000000000005</ele>
        <time>2022-11-09T09:43:00Z</time>
      </trkpt>
      <trkpt lat="41.759371664375067" lon="12.728538550436497">
        <ele>719.20000000000005</ele>
        <time>2022-11-09T09:43:01Z</time>
      </trkpt>
      <trkpt lat="41.759366216138005" lon="12.728472668677568">
        <ele>718.72000000000003</ele>
        <time>2022-11-09T09:43:05Z</time>
      </trkpt>
      <trkpt lat="41.759366299957037" lon="12.72845758125186">
        <ele>718.72000000000003</ele>
        <time>2022-11-09T09:43:06Z</time>
      </trkpt>
      <trkpt lat="41.759356744587421" lon="12.728325231000781">
        <ele>717.27999999999997</ele>
        <time>2022-11-09T09:43:21Z</time>
      </trkpt>
      <trkpt lat="41.759369652718306" lon="12.728258930146694">
        <ele>716.32000000000005</ele>
        <time>2022-11-09T09:43:25Z</time>
      </trkpt>
      <trkpt lat="41.759376609697938" lon="12.728234371170402">
        <ele>716.32000000000005</ele>
        <time>2022-11-09T09:43:26Z</time>
      </trkpt>
      <trkpt lat="41.759374849498272" lon="12.72821081802249">
        <ele>715.84000000000003</ele>
        <time>2022-11-09T09:43:27Z</time>
      </trkpt>
      <trkpt lat="41.75940309651196" lon="12.727950559929013">
        <ele>712.95000000000005</ele>
        <time>2022-11-09T09:43:42Z</time>
      </trkpt>
      <trkpt lat="41.759416088461876" lon="12.72787026129663">
        <ele>711.99000000000001</ele>
        <time>2022-11-09T09:43:49Z</time>
      </trkpt>
      <trkpt lat="41.759422374889255" lon="12.727854670956731">
        <ele>711.50999999999999</ele>
        <time>2022-11-09T09:43:50Z</time>
      </trkpt>
      <trkpt lat="41.759426733478904" lon="12.727835308760405">
        <ele>711.50999999999999</ele>
        <time>2022-11-09T09:43:51Z</time>
      </trkpt>
      <trkpt lat="41.75943193025887" lon="12.727817706763744">
        <ele>711.50999999999999</ele>
        <time>2022-11-09T09:43:52Z</time>
      </trkpt>
      <trkpt lat="41.759453387930989" lon="12.727688122540712">
        <ele>711.02999999999997</ele>
        <time>2022-11-09T09:43:59Z</time>
      </trkpt>
      <trkpt lat="41.759470235556364" lon="12.727679908275604">
        <ele>711.02999999999997</ele>
        <time>2022-11-09T09:44:00Z</time>
      </trkpt>
      <trkpt lat="41.759485239163041" lon="12.727668257430196">
        <ele>711.02999999999997</ele>
        <time>2022-11-09T09:44:01Z</time>
      </trkpt>
      <trkpt lat="41.759493704885244" lon="12.727654930204153">
        <ele>711.02999999999997</ele>
        <time>2022-11-09T09:44:02Z</time>
      </trkpt>
      <trkpt lat="41.759502422064543" lon="12.727625761181116">
        <ele>711.02999999999997</ele>
        <time>2022-11-09T09:44:05Z</time>
      </trkpt>
      <trkpt lat="41.759508540853858" lon="12.727600615471601">
        <ele>711.02999999999997</ele>
        <time>2022-11-09T09:44:06Z</time>
      </trkpt>
      <trkpt lat="41.759515581652522" lon="12.727583264932036">
        <ele>711.02999999999997</ele>
        <time>2022-11-09T09:44:07Z</time>
      </trkpt>
      <trkpt lat="41.759524885565042" lon="12.727567674592137">
        <ele>711.02999999999997</ele>
        <time>2022-11-09T09:44:08Z</time>
      </trkpt>
      <trkpt lat="41.759534440934658" lon="12.727551413699985">
        <ele>711.02999999999997</ele>
        <time>2022-11-09T09:44:09Z</time>
      </trkpt>
      <trkpt lat="41.759622870013118" lon="12.727398779243231">
        <ele>710.07000000000005</ele>
        <time>2022-11-09T09:44:23Z</time>
      </trkpt>
      <trkpt lat="41.759641896933317" lon="12.727230805903673">
        <ele>709.59000000000003</ele>
        <time>2022-11-09T09:44:37Z</time>
      </trkpt>
      <trkpt lat="41.759622870013118" lon="12.727176323533058">
        <ele>709.11000000000001</ele>
        <time>2022-11-09T09:44:41Z</time>
      </trkpt>
      <trkpt lat="41.759617840871215" lon="12.727163247764111">
        <ele>708.63</ele>
        <time>2022-11-09T09:44:42Z</time>
      </trkpt>
      <trkpt lat="41.75957995466888" lon="12.727104406803846">
        <ele>707.66999999999996</ele>
        <time>2022-11-09T09:44:51Z</time>
      </trkpt>
      <trkpt lat="41.759573416784406" lon="12.727088984102011">
        <ele>707.66999999999996</ele>
        <time>2022-11-09T09:44:52Z</time>
      </trkpt>
      <trkpt lat="41.759565873071551" lon="12.727077752351761">
        <ele>707.19000000000005</ele>
        <time>2022-11-09T09:44:53Z</time>
      </trkpt>
      <trkpt lat="41.759561011567712" lon="12.727074902504683">
        <ele>707.19000000000005</ele>
        <time>2022-11-09T09:44:54Z</time>
      </trkpt>
      <trkpt lat="41.759553886950016" lon="12.727066352963448">
        <ele>706.71000000000004</ele>
        <time>2022-11-09T09:44:55Z</time>
      </trkpt>
      <trkpt lat="41.759546091780066" lon="12.727055456489325">
        <ele>706.71000000000004</ele>
        <time>2022-11-09T09:44:56Z</time>
      </trkpt>
      <trkpt lat="41.759539553895593" lon="12.72704254835844">
        <ele>706.71000000000004</ele>
        <time>2022-11-09T09:44:57Z</time>
      </trkpt>
      <trkpt lat="41.759535446763039" lon="12.727030394598842">
        <ele>706.23000000000002</ele>
        <time>2022-11-09T09:44:58Z</time>
      </trkpt>
      <trkpt lat="41.759531088173389" lon="12.727017402648926">
        <ele>706.23000000000002</ele>
        <time>2022-11-09T09:44:59Z</time>
      </trkpt>
      <trkpt lat="41.759480629116297" lon="12.726859403774142">
        <ele>702.86000000000001</ele>
        <time>2022-11-09T09:45:10Z</time>
      </trkpt>
      <trkpt lat="41.759462440386415" lon="12.726709702983499">
        <ele>699.98000000000002</ele>
        <time>2022-11-09T09:45:21Z</time>
      </trkpt>
      <trkpt lat="41.759463949128985" lon="12.726470651105046">
        <ele>697.57000000000005</ele>
        <time>2022-11-09T09:45:40Z</time>
      </trkpt>
      <trkpt lat="41.759461099281907" lon="12.726346179842949">
        <ele>695.64999999999998</ele>
        <time>2022-11-09T09:45:53Z</time>
      </trkpt>
      <trkpt lat="41.759464535862207" lon="12.726283147931099">
        <ele>695.64999999999998</ele>
        <time>2022-11-09T09:45:54Z</time>
      </trkpt>
      <trkpt lat="41.759461602196097" lon="12.726232772693038">
        <ele>694.21000000000004</ele>
        <time>2022-11-09T09:46:01Z</time>
      </trkpt>
      <trkpt lat="41.759464871138334" lon="12.726179547607899">
        <ele>694.21000000000004</ele>
        <time>2022-11-09T09:46:02Z</time>
      </trkpt>
      <trkpt lat="41.759461518377066" lon="12.726131435483694">
        <ele>694.21000000000004</ele>
        <time>2022-11-09T09:46:03Z</time>
      </trkpt>
      <trkpt lat="41.759461937472224" lon="12.726027835160494">
        <ele>693.73000000000002</ele>
        <time>2022-11-09T09:46:04Z</time>
      </trkpt>
      <trkpt lat="41.75946562550962" lon="12.72593529894948">
        <ele>693.73000000000002</ele>
        <time>2022-11-09T09:46:05Z</time>
      </trkpt>
      <trkpt lat="41.759463781490922" lon="12.725796326994896">
        <ele>691.33000000000004</ele>
        <time>2022-11-09T09:46:20Z</time>
      </trkpt>
      <trkpt lat="41.75946269184351" lon="12.725635394454002">
        <ele>691.33000000000004</ele>
        <time>2022-11-09T09:46:21Z</time>
      </trkpt>
      <trkpt lat="41.759488172829151" lon="12.725582756102085">
        <ele>691.33000000000004</ele>
        <time>2022-11-09T09:46:22Z</time>
      </trkpt>
      <trkpt lat="41.759509714320302" lon="12.725531123578548">
        <ele>690.84000000000003</ele>
        <time>2022-11-09T09:46:23Z</time>
      </trkpt>
      <trkpt lat="41.759542739018798" lon="12.725505726411939">
        <ele>690.84000000000003</ele>
        <time>2022-11-09T09:46:24Z</time>
      </trkpt>
      <trkpt lat="41.759591102600098" lon="12.725468594580889">
        <ele>690.84000000000003</ele>
        <time>2022-11-09T09:46:25Z</time>
      </trkpt>
      <trkpt lat="41.759635526686907" lon="12.725432468578219">
        <ele>688.44000000000005</ele>
        <time>2022-11-09T09:46:44Z</time>
      </trkpt>
      <trkpt lat="41.759688081219792" lon="12.725364658981562">
        <ele>687</ele>
        <time>2022-11-09T09:47:06Z</time>
      </trkpt>
      <trkpt lat="41.759720016270876" lon="12.72531671449542">
        <ele>687</ele>
        <time>2022-11-09T09:47:11Z</time>
      </trkpt>
      <trkpt lat="41.759721022099257" lon="12.72523800842464">
        <ele>687</ele>
        <time>2022-11-09T09:47:12Z</time>
      </trkpt>
      <trkpt lat="41.75971926189959" lon="12.725126277655363">
        <ele>684.12</ele>
        <time>2022-11-09T09:47:31Z</time>
      </trkpt>
      <trkpt lat="41.759722363203764" lon="12.725018654018641">
        <ele>683.63</ele>
        <time>2022-11-09T09:47:34Z</time>
      </trkpt>
      <trkpt lat="41.759724542498589" lon="12.72494288161397">
        <ele>683.63</ele>
        <time>2022-11-09T09:47:35Z</time>
      </trkpt>
      <trkpt lat="41.759720183908939" lon="12.724835174158216">
        <ele>681.71000000000004</ele>
        <time>2022-11-09T09:47:51Z</time>
      </trkpt>
      <trkpt lat="41.759721608832479" lon="12.72471715696156">
        <ele>679.78999999999996</ele>
        <time>2022-11-09T09:48:11Z</time>
      </trkpt>
      <trkpt lat="41.759718172252178" lon="12.72460475564003">
        <ele>679.30999999999995</ele>
        <time>2022-11-09T09:48:16Z</time>
      </trkpt>
      <trkpt lat="41.759720267727971" lon="12.72453879006207">
        <ele>679.30999999999995</ele>
        <time>2022-11-09T09:48:17Z</time>
      </trkpt>
      <trkpt lat="41.759720770642161" lon="12.724462430924177">
        <ele>678.35000000000002</ele>
        <time>2022-11-09T09:48:25Z</time>
      </trkpt>
      <trkpt lat="41.759720770642161" lon="12.724388334900141">
        <ele>678.35000000000002</ele>
        <time>2022-11-09T09:48:26Z</time>
      </trkpt>
      <trkpt lat="41.75972169265151" lon="12.72430962882936">
        <ele>678.35000000000002</ele>
        <time>2022-11-09T09:48:27Z</time>
      </trkpt>
      <trkpt lat="41.759723452851176" lon="12.724236203357577">
        <ele>678.35000000000002</ele>
        <time>2022-11-09T09:48:28Z</time>
      </trkpt>
      <trkpt lat="41.759719094261527" lon="12.724128412082791">
        <ele>676.41999999999996</ele>
        <time>2022-11-09T09:48:46Z</time>
      </trkpt>
      <trkpt lat="41.759702581912279" lon="12.724090442061424">
        <ele>676.41999999999996</ele>
        <time>2022-11-09T09:48:48Z</time>
      </trkpt>
      <trkpt lat="41.759681040421128" lon="12.723993882536888">
        <ele>674.98000000000002</ele>
        <time>2022-11-09T09:48:57Z</time>
      </trkpt>
      <trkpt lat="41.759660420939326" lon="12.72390260361135">
        <ele>674.98000000000002</ele>
        <time>2022-11-09T09:49:03Z</time>
      </trkpt>
      <trkpt lat="41.759640639647841" lon="12.723843678832054">
        <ele>674.98000000000002</ele>
        <time>2022-11-09T09:49:04Z</time>
      </trkpt>
      <trkpt lat="41.75962882116437" lon="12.723772851750255">
        <ele>674.5</ele>
        <time>2022-11-09T09:49:09Z</time>
      </trkpt>
      <trkpt lat="41.75961566157639" lon="12.723708897829056">
        <ele>674.5</ele>
        <time>2022-11-09T09:49:10Z</time>
      </trkpt>
      <trkpt lat="41.759587414562702" lon="12.723590210080147">
        <ele>674.01999999999998</ele>
        <time>2022-11-09T09:49:16Z</time>
      </trkpt>
      <trkpt lat="41.75950619392097" lon="12.723245294764638">
        <ele>672.10000000000002</ele>
        <time>2022-11-09T09:49:38Z</time>
      </trkpt>
      <trkpt lat="41.759410807862878" lon="12.722803903743625">
        <ele>670.17999999999995</ele>
        <time>2022-11-09T09:49:59Z</time>
      </trkpt>
      <trkpt lat="41.759352218359709" lon="12.722605336457491">
        <ele>667.76999999999998</ele>
        <time>2022-11-09T09:50:21Z</time>
      </trkpt>
      <trkpt lat="41.759307207539678" lon="12.722487654536963">
        <ele>667.28999999999996</ele>
        <time>2022-11-09T09:50:31Z</time>
      </trkpt>
      <trkpt lat="41.759296813979745" lon="12.722446918487549">
        <ele>666.80999999999995</ele>
        <time>2022-11-09T09:50:33Z</time>
      </trkpt>
      <trkpt lat="41.759281056001782" lon="12.72241422906518">
        <ele>666.80999999999995</ele>
        <time>2022-11-09T09:50:36Z</time>
      </trkpt>
      <trkpt lat="41.759269824251533" lon="12.722368212416768">
        <ele>666.33000000000004</ele>
        <time>2022-11-09T09:50:37Z</time>
      </trkpt>
      <trkpt lat="41.759138144552708" lon="12.721960349008441">
        <ele>664.40999999999997</ele>
        <time>2022-11-09T09:51:02Z</time>
      </trkpt>
      <trkpt lat="41.759113753214478" lon="12.721923217177391">
        <ele>663.92999999999995</ele>
        <time>2022-11-09T09:51:05Z</time>
      </trkpt>
      <trkpt lat="41.759104114025831" lon="12.721869824454188">
        <ele>663.92999999999995</ele>
        <time>2022-11-09T09:51:06Z</time>
      </trkpt>
      <trkpt lat="41.759078213945031" lon="12.721850797533989">
        <ele>663.45000000000005</ele>
        <time>2022-11-09T09:51:08Z</time>
      </trkpt>
      <trkpt lat="41.758987605571747" lon="12.721811234951019">
        <ele>662.97000000000003</ele>
        <time>2022-11-09T09:51:09Z</time>
      </trkpt>
      <trkpt lat="41.758889956399798" lon="12.721742000430822">
        <ele>662.97000000000003</ele>
        <time>2022-11-09T09:51:10Z</time>
      </trkpt>
      <trkpt lat="41.758962208405137" lon="12.721530525013804">
        <ele>662.97000000000003</ele>
        <time>2022-11-09T09:51:18Z</time>
      </trkpt>
      <trkpt lat="41.759000094607472" lon="12.721462463960052">
        <ele>662.97000000000003</ele>
        <time>2022-11-09T09:51:19Z</time>
      </trkpt>
      <trkpt lat="41.759023731574416" lon="12.721381913870573">
        <ele>662.49000000000001</ele>
        <time>2022-11-09T09:51:20Z</time>
      </trkpt>
      <trkpt lat="41.759060109034181" lon="12.721256520599127">
        <ele>662.00999999999999</ele>
        <time>2022-11-09T09:51:27Z</time>
      </trkpt>
      <trkpt lat="41.759101012721658" lon="12.72111788392067">
        <ele>660.55999999999995</ele>
        <time>2022-11-09T09:51:47Z</time>
      </trkpt>
      <trkpt lat="41.759138563647866" lon="12.7208296302706">
        <ele>659.60000000000002</ele>
        <time>2022-11-09T09:52:06Z</time>
      </trkpt>
      <trkpt lat="41.759117525070906" lon="12.720656711608171">
        <ele>659.12</ele>
        <time>2022-11-09T09:52:31Z</time>
      </trkpt>
      <trkpt lat="41.759075447916985" lon="12.720384886488318">
        <ele>658.15999999999997</ele>
        <time>2022-11-09T09:52:47Z</time>
      </trkpt>
      <trkpt lat="41.759053152054548" lon="12.720246082171798">
        <ele>659.12</ele>
        <time>2022-11-09T09:53:05Z</time>
      </trkpt>
      <trkpt lat="41.759055582806468" lon="12.720187660306692">
        <ele>659.60000000000002</ele>
        <time>2022-11-09T09:53:14Z</time>
      </trkpt>
      <trkpt lat="41.759056923910975" lon="12.720116497948766">
        <ele>659.60000000000002</ele>
        <time>2022-11-09T09:53:15Z</time>
      </trkpt>
      <trkpt lat="41.759056840091944" lon="12.720052292570472">
        <ele>659.60000000000002</ele>
        <time>2022-11-09T09:53:25Z</time>
      </trkpt>
      <trkpt lat="41.759052900597453" lon="12.719979286193848">
        <ele>659.60000000000002</ele>
        <time>2022-11-09T09:53:26Z</time>
      </trkpt>
      <trkpt lat="41.759058097377419" lon="12.719907034188509">
        <ele>659.12</ele>
        <time>2022-11-09T09:53:27Z</time>
      </trkpt>
      <trkpt lat="41.759065976366401" lon="12.719867806881666">
        <ele>659.12</ele>
        <time>2022-11-09T09:53:28Z</time>
      </trkpt>
      <trkpt lat="41.759076537564397" lon="12.719824640080333">
        <ele>659.12</ele>
        <time>2022-11-09T09:53:29Z</time>
      </trkpt>
      <trkpt lat="41.759088858962059" lon="12.719782060012221">
        <ele>659.12</ele>
        <time>2022-11-09T09:53:31Z</time>
      </trkpt>
      <trkpt lat="41.759108975529671" lon="12.719737384468317">
        <ele>658.15999999999997</ele>
        <time>2022-11-09T09:53:41Z</time>
      </trkpt>
      <trkpt lat="41.759140323847532" lon="12.719664545729756">
        <ele>658.15999999999997</ele>
        <time>2022-11-09T09:53:42Z</time>
      </trkpt>
      <trkpt lat="41.759180221706629" lon="12.719577373936772">
        <ele>658.15999999999997</ele>
        <time>2022-11-09T09:53:43Z</time>
      </trkpt>
      <trkpt lat="41.759219700470567" lon="12.719482742249966">
        <ele>658.15999999999997</ele>
        <time>2022-11-09T09:53:44Z</time>
      </trkpt>
      <trkpt lat="41.759254820644855" lon="12.719391463324428">
        <ele>658.15999999999997</ele>
        <time>2022-11-09T09:53:45Z</time>
      </trkpt>
      <trkpt lat="41.759284911677241" lon="12.719315690919757">
        <ele>658.15999999999997</ele>
        <time>2022-11-09T09:53:46Z</time>
      </trkpt>
      <trkpt lat="41.759301759302616" lon="12.719250814989209">
        <ele>654.79999999999995</ele>
        <time>2022-11-09T09:54:23Z</time>
      </trkpt>
      <trkpt lat="41.759338891133666" lon="12.719167666509748">
        <ele>654.30999999999995</ele>
        <time>2022-11-09T09:54:26Z</time>
      </trkpt>
      <trkpt lat="41.75938256084919" lon="12.719052247703075">
        <ele>653.35000000000002</ele>
        <time>2022-11-09T09:54:39Z</time>
      </trkpt>
      <trkpt lat="41.75941432826221" lon="12.718986952677369">
        <ele>653.35000000000002</ele>
        <time>2022-11-09T09:54:41Z</time>
      </trkpt>
      <trkpt lat="41.759432852268219" lon="12.7189317997545">
        <ele>652.87</ele>
        <time>2022-11-09T09:54:42Z</time>
      </trkpt>
      <trkpt lat="41.759458752349019" lon="12.718876730650663">
        <ele>652.87</ele>
        <time>2022-11-09T09:54:43Z</time>
      </trkpt>
      <trkpt lat="41.759491860866547" lon="12.718804562464356">
        <ele>652.87</ele>
        <time>2022-11-09T09:54:44Z</time>
      </trkpt>
      <trkpt lat="41.759518096223474" lon="12.718729879707098">
        <ele>652.87</ele>
        <time>2022-11-09T09:54:45Z</time>
      </trkpt>
      <trkpt lat="41.759537374600768" lon="12.718679923564196">
        <ele>652.87</ele>
        <time>2022-11-09T09:54:46Z</time>
      </trkpt>
      <trkpt lat="41.759587414562702" lon="12.718579089269042">
        <ele>652.38999999999999</ele>
        <time>2022-11-09T09:54:52Z</time>
      </trkpt>
      <trkpt lat="41.759619433432817" lon="12.718494096770883">
        <ele>652.38999999999999</ele>
        <time>2022-11-09T09:54:53Z</time>
      </trkpt>
      <trkpt lat="41.759641142562032" lon="12.718459814786911">
        <ele>652.38999999999999</ele>
        <time>2022-11-09T09:55:02Z</time>
      </trkpt>
      <trkpt lat="41.759682716801763" lon="12.718373313546181">
        <ele>652.38999999999999</ele>
        <time>2022-11-09T09:55:03Z</time>
      </trkpt>
      <trkpt lat="41.759705347940326" lon="12.718307264149189">
        <ele>651.42999999999995</ele>
        <time>2022-11-09T09:55:20Z</time>
      </trkpt>
      <trkpt lat="41.759721441194415" lon="12.718273485079408">
        <ele>651.42999999999995</ele>
        <time>2022-11-09T09:55:21Z</time>
      </trkpt>
      <trkpt lat="41.75975346006453" lon="12.718215649947524">
        <ele>651.42999999999995</ele>
        <time>2022-11-09T09:55:22Z</time>
      </trkpt>
      <trkpt lat="41.75977349281311" lon="12.71818078123033">
        <ele>649.99000000000001</ele>
        <time>2022-11-09T09:55:46Z</time>
      </trkpt>
      <trkpt lat="41.759832669049501" lon="12.718080785125494">
        <ele>649.99000000000001</ele>
        <time>2022-11-09T09:55:47Z</time>
      </trkpt>
      <trkpt lat="41.75987902097404" lon="12.717998391017318">
        <ele>649.99000000000001</ele>
        <time>2022-11-09T09:55:48Z</time>
      </trkpt>
      <trkpt lat="41.759910956025124" lon="12.717950446531177">
        <ele>649.99000000000001</ele>
        <time>2022-11-09T09:55:49Z</time>
      </trkpt>
      <trkpt lat="41.759955380111933" lon="12.717877272516489">
        <ele>649.99000000000001</ele>
        <time>2022-11-09T09:55:50Z</time>
      </trkpt>
      <trkpt lat="41.759978262707591" lon="12.717828573659062">
        <ele>649.99000000000001</ele>
        <time>2022-11-09T09:55:59Z</time>
      </trkpt>
      <trkpt lat="41.759999971836805" lon="12.717794291675091">
        <ele>649.99000000000001</ele>
        <time>2022-11-09T09:56:00Z</time>
      </trkpt>
      <trkpt lat="41.760037858039141" lon="12.717763278633356">
        <ele>649.99000000000001</ele>
        <time>2022-11-09T09:56:01Z</time>
      </trkpt>
      <trkpt lat="41.76008035428822" lon="12.7177092153579">
        <ele>649.99000000000001</ele>
        <time>2022-11-09T09:56:02Z</time>
      </trkpt>
      <trkpt lat="41.760129304602742" lon="12.717659929767251">
        <ele>649.99000000000001</ele>
        <time>2022-11-09T09:56:03Z</time>
      </trkpt>
      <trkpt lat="41.760166436433792" lon="12.717613829299808">
        <ele>649.99000000000001</ele>
        <time>2022-11-09T09:56:04Z</time>
      </trkpt>
      <trkpt lat="41.760207256302238" lon="12.717559095472097">
        <ele>649.99000000000001</ele>
        <time>2022-11-09T09:56:08Z</time>
      </trkpt>
      <trkpt lat="41.760278837755322" lon="12.717480808496475">
        <ele>650.47000000000003</ele>
        <time>2022-11-09T09:56:21Z</time>
      </trkpt>
      <trkpt lat="41.760345725342631" lon="12.717425487935543">
        <ele>650.47000000000003</ele>
        <time>2022-11-09T09:56:33Z</time>
      </trkpt>
      <trkpt lat="41.760394759476185" lon="12.717339154332876">
        <ele>650.47000000000003</ele>
        <time>2022-11-09T09:56:34Z</time>
      </trkpt>
      <trkpt lat="41.76044094376266" lon="12.717266567051411">
        <ele>650.95000000000005</ele>
        <time>2022-11-09T09:56:39Z</time>
      </trkpt>
      <trkpt lat="41.760472292080522" lon="12.717230776324868">
        <ele>650.47000000000003</ele>
        <time>2022-11-09T09:56:57Z</time>
      </trkpt>
      <trkpt lat="41.760528450831771" lon="12.7171272598207">
        <ele>650.47000000000003</ele>
        <time>2022-11-09T09:57:06Z</time>
      </trkpt>
      <trkpt lat="41.760561307892203" lon="12.717074705287814">
        <ele>650.47000000000003</ele>
        <time>2022-11-09T09:57:07Z</time>
      </trkpt>
      <trkpt lat="41.760581005364656" lon="12.717032292857766">
        <ele>649.99000000000001</ele>
        <time>2022-11-09T09:57:08Z</time>
      </trkpt>
      <trkpt lat="41.760600032284856" lon="12.716974793002009">
        <ele>649.99000000000001</ele>
        <time>2022-11-09T09:57:09Z</time>
      </trkpt>
      <trkpt lat="41.76062760874629" lon="12.716930201277137">
        <ele>649.99000000000001</ele>
        <time>2022-11-09T09:57:10Z</time>
      </trkpt>
      <trkpt lat="41.760639846324921" lon="12.716887621209025">
        <ele>649.99000000000001</ele>
        <time>2022-11-09T09:57:15Z</time>
      </trkpt>
      <trkpt lat="41.760653760284185" lon="12.716855518519878">
        <ele>649.99000000000001</ele>
        <time>2022-11-09T09:57:16Z</time>
      </trkpt>
      <trkpt lat="41.760679828003049" lon="12.716790642589331">
        <ele>649.99000000000001</ele>
        <time>2022-11-09T09:57:17Z</time>
      </trkpt>
      <trkpt lat="41.760692652314901" lon="12.716735992580652">
        <ele>649.99000000000001</ele>
        <time>2022-11-09T09:57:18Z</time>
      </trkpt>
      <trkpt lat="41.760717378929257" lon="12.716677989810705">
        <ele>649.99000000000001</ele>
        <time>2022-11-09T09:57:19Z</time>
      </trkpt>
      <trkpt lat="41.760734980925918" lon="12.716627446934581">
        <ele>649.99000000000001</ele>
        <time>2022-11-09T09:57:20Z</time>
      </trkpt>
      <trkpt lat="41.760757863521576" lon="12.716568941250443">
        <ele>649.50999999999999</ele>
        <time>2022-11-09T09:57:37Z</time>
      </trkpt>
      <trkpt lat="41.760837407782674" lon="12.7163674402982">
        <ele>649.50999999999999</ele>
        <time>2022-11-09T09:57:54Z</time>
      </trkpt>
      <trkpt lat="41.760866073891521" lon="12.716308431699872">
        <ele>649.50999999999999</ele>
        <time>2022-11-09T09:57:55Z</time>
      </trkpt>
      <trkpt lat="41.760913599282503" lon="12.716228971257806">
        <ele>649.50999999999999</ele>
        <time>2022-11-09T09:57:56Z</time>
      </trkpt>
      <trkpt lat="41.761072017252445" lon="12.71603325381875">
        <ele>649.50999999999999</ele>
        <time>2022-11-09T09:57:57Z</time>
      </trkpt>
      <trkpt lat="41.761101773008704" lon="12.715949937701225">
        <ele>649.50999999999999</ele>
        <time>2022-11-09T09:57:58Z</time>
      </trkpt>
      <trkpt lat="41.761138569563627" lon="12.715859329327941">
        <ele>649.02999999999997</ele>
        <time>2022-11-09T09:58:20Z</time>
      </trkpt>
      <trkpt lat="41.761150052770972" lon="12.715599071234465">
        <ele>649.02999999999997</ele>
        <time>2022-11-09T09:58:37Z</time>
      </trkpt>
      <trkpt lat="41.761154662817717" lon="12.715464625507593">
        <ele>648.54999999999995</ele>
        <time>2022-11-09T09:58:57Z</time>
      </trkpt>
      <trkpt lat="41.761156674474478" lon="12.71536672487855">
        <ele>648.54999999999995</ele>
        <time>2022-11-09T09:59:04Z</time>
      </trkpt>
      <trkpt lat="41.761150723323226" lon="12.71535599604249">
        <ele>648.54999999999995</ele>
        <time>2022-11-09T09:59:05Z</time>
      </trkpt>
      <trkpt lat="41.761141335591674" lon="12.715346189215779">
        <ele>648.54999999999995</ele>
        <time>2022-11-09T09:59:06Z</time>
      </trkpt>
      <trkpt lat="41.761131780222058" lon="12.715338645502925">
        <ele>648.54999999999995</ele>
        <time>2022-11-09T09:59:07Z</time>
      </trkpt>
      <trkpt lat="41.761121721938252" lon="12.715330682694912">
        <ele>648.54999999999995</ele>
        <time>2022-11-09T09:59:08Z</time>
      </trkpt>
      <trkpt lat="41.761113926768303" lon="12.715319702401757">
        <ele>648.54999999999995</ele>
        <time>2022-11-09T09:59:09Z</time>
      </trkpt>
      <trkpt lat="41.76108249463141" lon="12.715280055999756">
        <ele>649.02999999999997</ele>
        <time>2022-11-09T09:59:13Z</time>
      </trkpt>
      <trkpt lat="41.761070424690843" lon="12.71527879871428">
        <ele>649.02999999999997</ele>
        <time>2022-11-09T09:59:14Z</time>
      </trkpt>
      <trkpt lat="41.760978139936924" lon="12.715268908068538">
        <ele>649.99000000000001</ele>
        <time>2022-11-09T09:59:30Z</time>
      </trkpt>
      <trkpt lat="41.760949473828077" lon="12.715263711288571">
        <ele>649.99000000000001</ele>
        <time>2022-11-09T09:59:31Z</time>
      </trkpt>
      <trkpt lat="41.760858865454793" lon="12.71526119671762">
        <ele>649.99000000000001</ele>
        <time>2022-11-09T09:59:32Z</time>
      </trkpt>
      <trkpt lat="41.760848136618733" lon="12.71524996496737">
        <ele>649.99000000000001</ele>
        <time>2022-11-09T09:59:33Z</time>
      </trkpt>
      <trkpt lat="41.760834474116564" lon="12.715225322172046">
        <ele>649.99000000000001</ele>
        <time>2022-11-09T09:59:34Z</time>
      </trkpt>
      <trkpt lat="41.760827265679836" lon="12.715205540880561">
        <ele>649.99000000000001</ele>
        <time>2022-11-09T09:59:35Z</time>
      </trkpt>
      <trkpt lat="41.760821398347616" lon="12.715188609436154">
        <ele>649.99000000000001</ele>
        <time>2022-11-09T09:59:36Z</time>
      </trkpt>
      <trkpt lat="41.760823158547282" lon="12.715152148157358">
        <ele>650.47000000000003</ele>
        <time>2022-11-09T09:59:37Z</time>
      </trkpt>
      <trkpt lat="41.760819889605045" lon="12.715131277218461">
        <ele>650.47000000000003</ele>
        <time>2022-11-09T09:59:38Z</time>
      </trkpt>
      <trkpt lat="41.760815363377333" lon="12.715107472613454">
        <ele>650.47000000000003</ele>
        <time>2022-11-09T09:59:39Z</time>
      </trkpt>
      <trkpt lat="41.76082206889987" lon="12.715092552825809">
        <ele>650.47000000000003</ele>
        <time>2022-11-09T09:59:40Z</time>
      </trkpt>
      <trkpt lat="41.760816788300872" lon="12.715063467621803">
        <ele>650.47000000000003</ele>
        <time>2022-11-09T09:59:41Z</time>
      </trkpt>
      <trkpt lat="41.760809663683176" lon="12.715043686330318">
        <ele>650.47000000000003</ele>
        <time>2022-11-09T09:59:42Z</time>
      </trkpt>
      <trkpt lat="41.760799773037434" lon="12.715013511478901">
        <ele>650.95000000000005</ele>
        <time>2022-11-09T09:59:50Z</time>
      </trkpt>
      <trkpt lat="41.760784517973661" lon="12.714992724359035">
        <ele>650.95000000000005</ele>
        <time>2022-11-09T09:59:53Z</time>
      </trkpt>
      <trkpt lat="41.760751996189356" lon="12.714978726580739">
        <ele>650.95000000000005</ele>
        <time>2022-11-09T09:59:54Z</time>
      </trkpt>
      <trkpt lat="41.760620567947626" lon="12.714970596134663">
        <ele>650.95000000000005</ele>
        <time>2022-11-09T10:00:05Z</time>
      </trkpt>
      <trkpt lat="41.760608498007059" lon="12.714962968602777">
        <ele>650.95000000000005</ele>
        <time>2022-11-09T10:00:06Z</time>
      </trkpt>
      <trkpt lat="41.760387299582362" lon="12.714940840378404">
        <ele>653.35000000000002</ele>
        <time>2022-11-09T10:00:26Z</time>
      </trkpt>
      <trkpt lat="41.76019954495132" lon="12.714932709932327">
        <ele>655.27999999999997</ele>
        <time>2022-11-09T10:00:44Z</time>
      </trkpt>
      <trkpt lat="41.760042803362012" lon="12.714863391593099">
        <ele>655.75999999999999</ele>
        <time>2022-11-09T10:00:57Z</time>
      </trkpt>
      <trkpt lat="41.759994607418776" lon="12.714844029396772">
        <ele>655.75999999999999</ele>
        <time>2022-11-09T10:01:01Z</time>
      </trkpt>
      <trkpt lat="41.75998454913497" lon="12.71483363583684">
        <ele>655.75999999999999</ele>
        <time>2022-11-09T10:01:02Z</time>
      </trkpt>
      <trkpt lat="41.759954122826457" lon="12.714804131537676">
        <ele>655.75999999999999</ele>
        <time>2022-11-09T10:01:06Z</time>
      </trkpt>
      <trkpt lat="41.759926127269864" lon="12.714776890352368">
        <ele>655.75999999999999</ele>
        <time>2022-11-09T10:01:09Z</time>
      </trkpt>
      <trkpt lat="41.759954877197742" lon="12.714745122939348">
        <ele>655.75999999999999</ele>
        <time>2022-11-09T10:01:10Z</time>
      </trkpt>
      <trkpt lat="41.75996988080442" lon="12.714725760743022">
        <ele>655.75999999999999</ele>
        <time>2022-11-09T10:01:11Z</time>
      </trkpt>
      <trkpt lat="41.759995445609093" lon="12.714700195938349">
        <ele>655.75999999999999</ele>
        <time>2022-11-09T10:01:22Z</time>
      </trkpt>
      <trkpt lat="41.760034924373031" lon="12.71464261226356">
        <ele>655.75999999999999</ele>
        <time>2022-11-09T10:01:23Z</time>
      </trkpt>
      <trkpt lat="41.760074403136969" lon="12.71458494476974">
        <ele>655.75999999999999</ele>
        <time>2022-11-09T10:01:24Z</time>
      </trkpt>
      <trkpt lat="41.760094603523612" lon="12.714540269225836">
        <ele>655.75999999999999</ele>
        <time>2022-11-09T10:01:25Z</time>
      </trkpt>
      <trkpt lat="41.760118994861841" lon="12.714501963928342">
        <ele>655.27999999999997</ele>
        <time>2022-11-09T10:01:28Z</time>
      </trkpt>
      <trkpt lat="41.76014238037169" lon="12.714478159323335">
        <ele>655.27999999999997</ele>
        <time>2022-11-09T10:01:29Z</time>
      </trkpt>
      <trkpt lat="41.760157467797399" lon="12.714458797127008">
        <ele>655.27999999999997</ele>
        <time>2022-11-09T10:01:30Z</time>
      </trkpt>
      <trkpt lat="41.760240951552987" lon="12.714367434382439">
        <ele>655.27999999999997</ele>
        <time>2022-11-09T10:01:31Z</time>
      </trkpt>
      <trkpt lat="41.760296272113919" lon="12.71429568529129">
        <ele>655.27999999999997</ele>
        <time>2022-11-09T10:01:46Z</time>
      </trkpt>
      <trkpt lat="41.760318400338292" lon="12.714268947020173">
        <ele>655.27999999999997</ele>
        <time>2022-11-09T10:01:48Z</time>
      </trkpt>
      <trkpt lat="41.760335164144635" lon="12.714250171557069">
        <ele>655.27999999999997</ele>
        <time>2022-11-09T10:01:51Z</time>
      </trkpt>
      <trkpt lat="41.760353771969676" lon="12.714222176000476">
        <ele>654.79999999999995</ele>
        <time>2022-11-09T10:01:52Z</time>
      </trkpt>
      <trkpt lat="41.760369194671512" lon="12.714210357517004">
        <ele>654.79999999999995</ele>
        <time>2022-11-09T10:01:53Z</time>
      </trkpt>
      <trkpt lat="41.760411188006401" lon="12.714158641174436">
        <ele>654.30999999999995</ele>
        <time>2022-11-09T10:01:59Z</time>
      </trkpt>
      <trkpt lat="41.760429376736283" lon="12.714132992550731">
        <ele>654.30999999999995</ele>
        <time>2022-11-09T10:02:01Z</time>
      </trkpt>
      <trkpt lat="41.760466927662492" lon="12.71409435197711">
        <ele>653.83000000000004</ele>
        <time>2022-11-09T10:02:02Z</time>
      </trkpt>
      <trkpt lat="41.76048737950623" lon="12.71405722014606">
        <ele>653.83000000000004</ele>
        <time>2022-11-09T10:02:03Z</time>
      </trkpt>
      <trkpt lat="41.760436417534947" lon="12.71395999006927">
        <ele>653.83000000000004</ele>
        <time>2022-11-09T10:02:16Z</time>
      </trkpt>
      <trkpt lat="41.760378247126937" lon="12.713870136067271">
        <ele>654.30999999999995</ele>
        <time>2022-11-09T10:02:23Z</time>
      </trkpt>
      <trkpt lat="41.760230390354991" lon="12.713625049218535">
        <ele>656.24000000000001</ele>
        <time>2022-11-09T10:02:48Z</time>
      </trkpt>
      <trkpt lat="41.760102231055498" lon="12.713411645963788">
        <ele>657.67999999999995</ele>
        <time>2022-11-09T10:03:07Z</time>
      </trkpt>
      <trkpt lat="41.759932246059179" lon="12.713129092007875">
        <ele>659.60000000000002</ele>
        <time>2022-11-09T10:03:31Z</time>
      </trkpt>
      <trkpt lat="41.75974172540009" lon="12.712809573858976">
        <ele>662.00999999999999</ele>
        <time>2022-11-09T10:04:01Z</time>
      </trkpt>
      <trkpt lat="41.759511725977063" lon="12.712426856160164">
        <ele>664.40999999999997</ele>
        <time>2022-11-09T10:04:28Z</time>
      </trkpt>
      <trkpt lat="41.7593595944345" lon="12.712175315245986">
        <ele>667.28999999999996</ele>
        <time>2022-11-09T10:04:54Z</time>
      </trkpt>
      <trkpt lat="41.759276362136006" lon="12.712034666910768">
        <ele>669.22000000000003</ele>
        <time>2022-11-09T10:05:13Z</time>
      </trkpt>
      <trkpt lat="41.759223807603121" lon="12.71194439381361">
        <ele>672.58000000000004</ele>
        <time>2022-11-09T10:05:35Z</time>
      </trkpt>
      <trkpt lat="41.759187513962388" lon="12.711884547024965">
        <ele>674.01999999999998</ele>
        <time>2022-11-09T10:05:47Z</time>
      </trkpt>
      <trkpt lat="41.759167062118649" lon="12.711847666651011">
        <ele>674.5</ele>
        <time>2022-11-09T10:05:54Z</time>
      </trkpt>
      <trkpt lat="41.759123895317316" lon="12.711775582283735">
        <ele>673.53999999999996</ele>
        <time>2022-11-09T10:07:10Z</time>
      </trkpt>
      <trkpt lat="41.759080812335014" lon="12.711730655282736">
        <ele>672.58000000000004</ele>
        <time>2022-11-09T10:10:23Z</time>
      </trkpt>
    </trkseg>
  </trk>

</gpx>